animal_id,species,breed,gender,feature_date,horizon_days,target_weight,current_weight,wf_current_weight,wf_days_since_last_weight,wf_weight_7d_ago,wf_weight_30d_ago,wf_weight_90d_ago,wf_weight_change_7d,wf_weight_change_30d,wf_weight_change_90d,wf_weight_velocity_7d,wf_weight_velocity_30d,wf_adg_7d,wf_adg_30d,wf_adg_lifetime,wf_weight_std_30d,wf_weight_min_30d,wf_weight_max_30d,wf_measurement_count_30d,wf_growth_curve_deviation,hf_health_score,hf_treatment_count_7d,hf_treatment_count_30d,hf_treatment_count_90d,hf_days_since_last_treatment,hf_vaccination_count_total,hf_overdue_vaccinations,hf_vaccination_compliance_rate,hf_days_since_last_vaccination,hf_sick_days_30d,hf_checkup_count_90d,hf_days_since_last_checkup,hf_has_chronic_condition,hf_active_treatment,hf_in_withdrawal_period,hf_recent_medication_count,hf_recent_vaccination_count,hf_recent_observation_count
6b129a92-09fa-4b42-997a-9721ace3ee78,pig,Test Pig Breed,male,2025-12-05,7,20.27,15.98,15.98,0,8.72,,,7.26,,,0.8166666666666662,0.8043809523809522,1.0371428571428571,,0.09531746031746031,4.514911590127393,3.97,15.98,6,-82.18506131549609,100.0,0,0,0,,1,0,1.0,8,0,0,,False,False,False,0,1,0
6b129a92-09fa-4b42-997a-9721ace3ee78,pig,Test Pig Breed,male,2025-12-05,14,24.37,15.98,15.98,0,8.72,,,7.26,,,0.8166666666666662,0.8043809523809522,1.0371428571428571,,0.09531746031746031,4.514911590127393,3.97,15.98,6,-82.18506131549609,100.0,0,0,0,,1,0,1.0,8,0,0,,False,False,False,0,1,0
6b129a92-09fa-4b42-997a-9721ace3ee78,pig,Test Pig Breed,male,2025-12-05,30,35.23,15.98,15.98,0,8.72,,,7.26,,,0.8166666666666662,0.8043809523809522,1.0371428571428571,,0.09531746031746031,4.514911590127393,3.97,15.98,6,-82.18506131549609,100.0,0,0,0,,1,0,1.0,8,0,0,,False,False,False,0,1,0
6b129a92-09fa-4b42-997a-9721ace3ee78,pig,Test Pig Breed,male,2025-12-08,7,23.16,18.19,18.19,0,11.08,,,7.110000000000001,,,0.7599999999999999,0.7972619047619047,1.0157142857142858,,0.11023255813953489,5.1674346587432485,3.97,18.19,7,-80.18518518518518,100.0,0,0,0,,1,0,1.0,11,0,0,,False,False,False,0,1,0
6b129a92-09fa-4b42-997a-9721ace3ee78,pig,Test Pig Breed,male,2025-12-08,14,25.92,18.19,18.19,0,11.08,,,7.110000000000001,,,0.7599999999999999,0.7972619047619047,1.0157142857142858,,0.11023255813953489,5.1674346587432485,3.97,18.19,7,-80.18518518518518,100.0,0,0,0,,1,0,1.0,11,0,0,,False,False,False,0,1,0
6b129a92-09fa-4b42-997a-9721ace3ee78,pig,Test Pig Breed,male,2025-12-08,30,36.25,18.19,18.19,0,11.08,,,7.110000000000001,,,0.7599999999999999,0.7972619047619047,1.0157142857142858,,0.11023255813953489,5.1674346587432485,3.97,18.19,7,-80.18518518518518,100.0,0,0,0,,1,0,1.0,11,0,0,,False,False,False,0,1,0
6b129a92-09fa-4b42-997a-9721ace3ee78,pig,Test Pig Breed,male,2025-12-11,7,24.37,20.27,20.27,0,13.63,,,6.639999999999999,,,0.7149999999999992,0.7856349206349205,0.9485714285714284,,0.12348484848484849,5.774928570986831,3.97,20.27,8,-78.41320553780618,100.0,0,0,0,,2,0,1.0,0,0,0,,False,False,False,0,2,0
6b129a92-09fa-4b42-997a-9721ace3ee78,pig,Test Pig Breed,male,2025-12-11,14,29.41,20.27,20.27,0,13.63,,,6.639999999999999,,,0.7149999999999992,0.7856349206349205,0.9485714285714284,,0.12348484848484849,5.774928570986831,3.97,20.27,8,-78.41320553780618,100.0,0,0,0,,2,0,1.0,0,0,0,,False,False,False,0,2,0
6b129a92-09fa-4b42-997a-9721ace3ee78,pig,Test Pig Breed,male,2025-12-11,30,38.2,20.27,20.27,0,13.63,,,6.639999999999999,,,0.7149999999999992,0.7856349206349205,0.9485714285714284,,0.12348484848484849,5.774928570986831,3.97,20.27,8,-78.41320553780618,100.0,0,0,0,,2,0,1.0,0,0,0,,False,False,False,0,2,0
6b129a92-09fa-4b42-997a-9721ace3ee78,pig,Test Pig Breed,male,2025-12-14,7,25.92,23.16,23.16,0,15.98,,,7.18,,,0.8283333333333338,0.7920555555555554,1.0257142857142856,,0.14214814814814816,6.509230198554802,3.97,23.16,9,-75.875,100.0,0,0,0,,2,0,1.0,3,0,0,,False,False,False,0,2,0
6b129a92-09fa-4b42-997a-9721ace3ee78,pig,Test Pig Breed,male,2025-12-14,14,29.95,23.16,23.16,0,15.98,,,7.18,,,0.8283333333333338,0.7920555555555554,1.0257142857142856,,0.14214814814814816,6.509230198554802,3.97,23.16,9,-75.875,100.0,0,0,0,,2,0,1.0,3,0,0,,False,False,False,0,2,0
6b129a92-09fa-4b42-997a-9721ace3ee78,pig,Test Pig Breed,male,2025-12-14,30,41.66,23.16,23.16,0,15.98,,,7.18,,,0.8283333333333338,0.7920555555555554,1.0257142857142856,,0.14214814814814816,6.509230198554802,3.97,23.16,9,-75.875,100.0,0,0,0,,2,0,1.0,3,0,0,,False,False,False,0,2,0
6b129a92-09fa-4b42-997a-9721ace3ee78,pig,Test Pig Breed,male,2025-12-17,7,29.41,24.37,24.37,0,18.19,,,6.18,,,0.6833333333333331,0.7741212121212119,0.8828571428571428,,0.14782608695652175,7.037839393829142,3.97,24.37,10,-75.15800203873599,100.0,0,0,0,,2,0,1.0,6,0,0,,False,False,False,0,2,0
6b129a92-09fa-4b42-997a-9721ace3ee78,pig,Test Pig Breed,male,2025-12-17,14,33.87,24.37,24.37,0,18.19,,,6.18,,,0.6833333333333331,0.7741212121212119,0.8828571428571428,,0.14782608695652175,7.037839393829142,3.97,24.37,10,-75.15800203873599,100.0,0,0,0,,2,0,1.0,6,0,0,,False,False,False,0,2,0
6b129a92-09fa-4b42-997a-9721ace3ee78,pig,Test Pig Breed,male,2025-12-17,30,41.71,24.37,24.37,0,18.19,,,6.18,,,0.6833333333333331,0.7741212121212119,0.8828571428571428,,0.14782608695652175,7.037839393829142,3.97,24.37,10,-75.15800203873599,100.0,0,0,0,,2,0,1.0,6,0,0,,False,False,False,0,2,0
6b129a92-09fa-4b42-997a-9721ace3ee78,pig,Test Pig Breed,male,2025-12-20,7,29.95,25.92,25.92,0,20.27,3.97,,5.650000000000002,21.950000000000003,,0.4599999999999995,0.7451313131313131,0.8071428571428575,0.7316666666666668,0.15567375886524826,6.784642789254109,6.28,25.92,10,-74.1317365269461,100.0,0,0,0,,2,0,1.0,9,0,0,,False,False,False,0,2,0
6b129a92-09fa-4b42-997a-9721ace3ee78,pig,Test Pig Breed,male,2025-12-20,14,35.23,25.92,25.92,0,20.27,3.97,,5.650000000000002,21.950000000000003,,0.4599999999999995,0.7451313131313131,0.8071428571428575,0.7316666666666668,0.15567375886524826,6.784642789254109,6.28,25.92,10,-74.1317365269461,100.0,0,0,0,,2,0,1.0,9,0,0,,False,False,False,0,2,0
6b129a92-09fa-4b42-997a-9721ace3ee78,pig,Test Pig Breed,male,2025-12-20,30,42.85,25.92,25.92,0,20.27,3.97,,5.650000000000002,21.950000000000003,,0.4599999999999995,0.7451313131313131,0.8071428571428575,0.7316666666666668,0.15567375886524826,6.784642789254109,6.28,25.92,10,-74.1317365269461,100.0,0,0,0,,2,0,1.0,9,0,0,,False,False,False,0,2,0
6b129a92-09fa-4b42-997a-9721ace3ee78,pig,Test Pig Breed,male,2025-12-23,7,33.87,29.41,29.41,0,23.16,6.28,,6.25,23.13,,0.8399999999999987,0.7422424242424241,0.8928571428571429,0.771,0.17666666666666667,6.7575045525532405,8.72,29.41,10,-71.25122189638319,100.0,0,0,0,,2,0,1.0,12,0,0,,False,False,False,0,2,0
6b129a92-09fa-4b42-997a-9721ace3ee78,pig,Test Pig Breed,male,2025-12-23,14,36.25,29.41,29.41,0,23.16,6.28,,6.25,23.13,,0.8399999999999987,0.7422424242424241,0.8928571428571429,0.771,0.17666666666666667,6.7575045525532405,8.72,29.41,10,-71.25122189638319,100.0,0,0,0,,2,0,1.0,12,0,0,,False,False,False,0,2,0
6b129a92-09fa-4b42-997a-9721ace3ee78,pig,Test Pig Breed,male,2025-12-26,7,35.23,29.95,29.95,0,24.37,8.72,,5.579999999999998,21.229999999999997,,0.6716666666666651,0.7099393939393942,0.7971428571428569,0.7076666666666666,0.17673469387755103,6.472403297419317,11.08,29.95,10,-71.31226053639847,100.0,0,0,0,,2,0,1.0,15,0,0,,False,False,False,0,2,0
6b129a92-09fa-4b42-997a-9721ace3ee78,pig,Test Pig Breed,male,2025-12-26,14,38.2,29.95,29.95,0,24.37,8.72,,5.579999999999998,21.229999999999997,,0.6716666666666651,0.7099393939393942,0.7971428571428569,0.7076666666666666,0.17673469387755103,6.472403297419317,11.08,29.95,10,-71.31226053639847,100.0,0,0,0,,2,0,1.0,15,0,0,,False,False,False,0,2,0
6b129a92-09fa-4b42-997a-9721ace3ee78,pig,Test Pig Breed,male,2025-12-29,7,36.25,33.87,33.87,0,25.92,11.08,,7.949999999999996,22.79,,0.7433333333333342,0.7155757575757576,1.135714285714285,0.7596666666666666,0.19933333333333333,6.526752212582031,13.63,33.87,10,-68.19718309859154,100.0,0,0,0,,2,0,1.0,18,0,0,,False,False,False,0,1,0
6b129a92-09fa-4b42-997a-9721ace3ee78,pig,Test Pig Breed,male,2025-12-29,14,41.66,33.87,33.87,0,25.92,11.08,,7.949999999999996,22.79,,0.7433333333333342,0.7155757575757576,1.135714285714285,0.7596666666666666,0.19933333333333333,6.526752212582031,13.63,33.87,10,-68.19718309859154,100.0,0,0,0,,2,0,1.0,18,0,0,,False,False,False,0,1,0
6b129a92-09fa-4b42-997a-9721ace3ee78,pig,Test Pig Breed,male,2026-01-01,7,38.2,35.23,35.23,0,29.41,13.63,,5.819999999999997,21.599999999999994,,0.8799999999999973,0.7105252525252523,0.831428571428571,0.7199999999999999,0.20431372549019605,6.480624541234003,15.98,35.23,10,-67.55985267034991,100.0,0,0,0,,3,0,1.0,0,0,0,,False,False,False,0,2,0
6b129a92-09fa-4b42-997a-9721ace3ee78,pig,Test Pig Breed,male,2026-01-01,14,41.71,35.23,35.23,0,29.41,13.63,,5.819999999999997,21.599999999999994,,0.8799999999999973,0.7105252525252523,0.831428571428571,0.7199999999999999,0.20431372549019605,6.480624541234003,15.98,35.23,10,-67.55985267034991,100.0,0,0,0,,3,0,1.0,0,0,0,,False,False,False,0,2,0
6b129a92-09fa-4b42-997a-9721ace3ee78,pig,Test Pig Breed,male,2026-01-04,7,41.66,36.25,36.25,0,29.95,15.98,,6.300000000000001,20.27,,0.39666666666666694,0.6889696969696967,0.9000000000000001,0.6756666666666666,0.20692307692307693,6.292485465484471,18.19,36.25,10,-67.25383920505872,100.0,0,0,0,,3,0,1.0,3,0,0,,False,False,False,0,2,0
6b129a92-09fa-4b42-997a-9721ace3ee78,pig,Test Pig Breed,male,2026-01-04,14,42.85,36.25,36.25,0,29.95,15.98,,6.300000000000001,20.27,,0.39666666666666694,0.6889696969696967,0.9000000000000001,0.6756666666666666,0.20692307692307693,6.292485465484471,18.19,36.25,10,-67.25383920505872,100.0,0,0,0,,3,0,1.0,3,0,0,,False,False,False,0,2,0
6b129a92-09fa-4b42-997a-9721ace3ee78,pig,Test Pig Breed,male,2026-01-07,7,41.71,38.2,38.2,0,33.87,18.19,,4.330000000000005,20.01,,0.4950000000000024,0.6700808080808082,0.6185714285714293,0.667,0.21528301886792456,6.125076053949589,20.27,38.2,10,-66.13475177304964,100.0,0,0,0,,3,0,1.0,6,0,0,,False,False,False,0,2,0
6b129a92-09fa-4b42-997a-9721ace3ee78,pig,Test Pig Breed,male,2026-01-10,7,42.85,41.66,41.66,0,35.23,20.27,,6.43,21.389999999999997,,0.9016666666666662,0.6794747474747478,0.9185714285714285,0.7129999999999999,0.23265432098765432,6.214636487089704,23.16,41.66,10,-63.742384682332464,100.0,0,0,0,,3,0,1.0,9,0,0,,False,False,False,0,2,0
25cde5a3-489c-4aba-81f4-ac9b5371f33e,pig,Test Pig Breed,female,2025-12-05,7,23.05,19.44,19.44,0,10.92,,,8.520000000000001,,,0.8833333333333331,0.9554285714285713,1.2171428571428573,,0.3514634146341463,5.36841751977868,5.03,19.44,6,-35.62913907284768,100.0,0,0,0,,1,0,1.0,8,0,0,,False,False,False,0,1,0
25cde5a3-489c-4aba-81f4-ac9b5371f33e,pig,Test Pig Breed,female,2025-12-05,14,29.35,19.44,19.44,0,10.92,,,8.520000000000001,,,0.8833333333333331,0.9554285714285713,1.2171428571428573,,0.3514634146341463,5.36841751977868,5.03,19.44,6,-35.62913907284768,100.0,0,0,0,,1,0,1.0,8,0,0,,False,False,False,0,1,0
25cde5a3-489c-4aba-81f4-ac9b5371f33e,pig,Test Pig Breed,female,2025-12-05,30,42.15,19.44,19.44,0,10.92,,,8.520000000000001,,,0.8833333333333331,0.9554285714285713,1.2171428571428573,,0.3514634146341463,5.36841751977868,5.03,19.44,6,-35.62913907284768,100.0,0,0,0,,1,0,1.0,8,0,0,,False,False,False,0,1,0
25cde5a3-489c-4aba-81f4-ac9b5371f33e,pig,Test Pig Breed,female,2025-12-08,7,27.0,21.55,21.55,0,14.14,,,7.41,,,0.8866666666666675,0.9284523809523808,1.0585714285714285,,0.37545454545454543,6.02580956821413,5.03,21.55,7,-33.28173374613002,100.0,0,0,0,,1,0,1.0,11,0,2,1.0,False,False,False,0,1,0
25cde5a3-489c-4aba-81f4-ac9b5371f33e,pig,Test Pig Breed,female,2025-12-08,14,30.67,21.55,21.55,0,14.14,,,7.41,,,0.8866666666666675,0.9284523809523808,1.0585714285714285,,0.37545454545454543,6.02580956821413,5.03,21.55,7,-33.28173374613002,100.0,0,0,0,,1,0,1.0,11,0,2,1.0,False,False,False,0,1,0
25cde5a3-489c-4aba-81f4-ac9b5371f33e,pig,Test Pig Breed,female,2025-12-08,30,44.3,21.55,21.55,0,14.14,,,7.41,,,0.8866666666666675,0.9284523809523808,1.0585714285714285,,0.37545454545454543,6.02580956821413,5.03,21.55,7,-33.28173374613002,100.0,0,0,0,,1,0,1.0,11,0,2,1.0,False,False,False,0,1,0
25cde5a3-489c-4aba-81f4-ac9b5371f33e,pig,Test Pig Breed,female,2025-12-11,7,29.35,23.05,23.05,0,16.23,,,6.82,,,0.6016666666666661,0.8815079365079365,0.9742857142857143,,0.3834042553191489,6.503027866199824,5.03,23.05,8,-32.99418604651162,100.0,0,0,0,,2,0,1.0,0,0,2,4.0,False,False,False,0,2,0
25cde5a3-489c-4aba-81f4-ac9b5371f33e,pig,Test Pig Breed,female,2025-12-11,14,33.71,23.05,23.05,0,16.23,,,6.82,,,0.6016666666666661,0.8815079365079365,0.9742857142857143,,0.3834042553191489,6.503027866199824,5.03,23.05,8,-32.99418604651162,100.0,0,0,0,,2,0,1.0,0,0,2,4.0,False,False,False,0,2,0
25cde5a3-489c-4aba-81f4-ac9b5371f33e,pig,Test Pig Breed,female,2025-12-11,30,44.63,23.05,23.05,0,16.23,,,6.82,,,0.6016666666666661,0.8815079365079365,0.9742857142857143,,0.3834042553191489,6.503027866199824,5.03,23.05,8,-32.99418604651162,100.0,0,0,0,,2,0,1.0,0,0,2,4.0,False,False,False,0,2,0
25cde5a3-489c-4aba-81f4-ac9b5371f33e,pig,Test Pig Breed,female,2025-12-14,7,30.67,27.0,27.0,0,19.44,,,7.559999999999999,,,0.9083333333333329,0.8886111111111108,1.0799999999999998,,0.43939999999999996,7.320877300190493,5.03,27.0,9,-26.027397260273972,100.0,0,0,0,,2,0,1.0,3,0,2,7.0,False,False,False,0,2,0
25cde5a3-489c-4aba-81f4-ac9b5371f33e,pig,Test Pig Breed,female,2025-12-14,14,36.72,27.0,27.0,0,19.44,,,7.559999999999999,,,0.9083333333333329,0.8886111111111108,1.0799999999999998,,0.43939999999999996,7.320877300190493,5.03,27.0,9,-26.027397260273972,100.0,0,0,0,,2,0,1.0,3,0,2,7.0,False,False,False,0,2,0
25cde5a3-489c-4aba-81f4-ac9b5371f33e,pig,Test Pig Breed,female,2025-12-14,30,47.05,27.0,27.0,0,19.44,,,7.559999999999999,,,0.9083333333333329,0.8886111111111108,1.0799999999999998,,0.43939999999999996,7.320877300190493,5.03,27.0,9,-26.027397260273972,100.0,0,0,0,,2,0,1.0,3,0,2,7.0,False,False,False,0,2,0
25cde5a3-489c-4aba-81f4-ac9b5371f33e,pig,Test Pig Breed,female,2025-12-17,7,33.71,29.35,29.35,0,21.55,,,7.800000000000001,,,1.0500000000000014,0.8864848484848483,1.1142857142857143,,0.4588679245283019,8.068240135797206,5.03,29.35,10,-23.963730569948172,100.0,0,0,0,,2,0,1.0,6,0,4,1.0,False,False,False,0,2,0
25cde5a3-489c-4aba-81f4-ac9b5371f33e,pig,Test Pig Breed,female,2025-12-17,14,39.93,29.35,29.35,0,21.55,,,7.800000000000001,,,1.0500000000000014,0.8864848484848483,1.1142857142857143,,0.4588679245283019,8.068240135797206,5.03,29.35,10,-23.963730569948172,100.0,0,0,0,,2,0,1.0,6,0,4,1.0,False,False,False,0,2,0
25cde5a3-489c-4aba-81f4-ac9b5371f33e,pig,Test Pig Breed,female,2025-12-17,30,50.82,29.35,29.35,0,21.55,,,7.800000000000001,,,1.0500000000000014,0.8864848484848483,1.1142857142857143,,0.4588679245283019,8.068240135797206,5.03,29.35,10,-23.963730569948172,100.0,0,0,0,,2,0,1.0,6,0,4,1.0,False,False,False,0,2,0
25cde5a3-489c-4aba-81f4-ac9b5371f33e,pig,Test Pig Breed,female,2025-12-20,7,36.72,30.67,30.67,0,23.05,5.03,,7.620000000000001,25.64,,0.6116666666666659,0.8504848484848486,1.0885714285714287,0.8546666666666667,0.45785714285714285,7.747243309002816,7.88,30.67,10,-24.643734643734632,100.0,0,0,0,,2,0,1.0,9,0,4,4.0,False,False,False,0,2,0
25cde5a3-489c-4aba-81f4-ac9b5371f33e,pig,Test Pig Breed,female,2025-12-20,14,42.15,30.67,30.67,0,23.05,5.03,,7.620000000000001,25.64,,0.6116666666666659,0.8504848484848486,1.0885714285714287,0.8546666666666667,0.45785714285714285,7.747243309002816,7.88,30.67,10,-24.643734643734632,100.0,0,0,0,,2,0,1.0,9,0,4,4.0,False,False,False,0,2,0
25cde5a3-489c-4aba-81f4-ac9b5371f33e,pig,Test Pig Breed,female,2025-12-20,30,50.29,30.67,30.67,0,23.05,5.03,,7.620000000000001,25.64,,0.6116666666666659,0.8504848484848486,1.0885714285714287,0.8546666666666667,0.45785714285714285,7.747243309002816,7.88,30.67,10,-24.643734643734632,100.0,0,0,0,,2,0,1.0,9,0,4,4.0,False,False,False,0,2,0
25cde5a3-489c-4aba-81f4-ac9b5371f33e,pig,Test Pig Breed,female,2025-12-23,7,39.93,33.71,33.71,0,27.0,7.88,,6.710000000000001,25.830000000000002,,0.7266666666666654,0.8294949494949494,0.9585714285714287,0.8610000000000001,0.48610169491525423,7.552340623203438,10.92,33.71,10,-21.23831775700934,100.0,0,0,0,,2,0,1.0,12,0,4,7.0,False,False,False,0,2,0
25cde5a3-489c-4aba-81f4-ac9b5371f33e,pig,Test Pig Breed,female,2025-12-23,14,44.3,33.71,33.71,0,27.0,7.88,,6.710000000000001,25.830000000000002,,0.7266666666666654,0.8294949494949494,0.9585714285714287,0.8610000000000001,0.48610169491525423,7.552340623203438,10.92,33.71,10,-21.23831775700934,100.0,0,0,0,,2,0,1.0,12,0,4,7.0,False,False,False,0,2,0
25cde5a3-489c-4aba-81f4-ac9b5371f33e,pig,Test Pig Breed,female,2025-12-26,7,42.15,36.72,36.72,0,29.35,10.92,,7.369999999999997,25.799999999999997,,1.0083333333333313,0.8264242424242425,1.0528571428571425,0.8599999999999999,0.5111290322580645,7.523437748500053,14.14,36.72,10,-18.21826280623608,100.0,0,0,0,,2,0,1.0,15,0,4,10.0,False,False,False,0,2,0
25cde5a3-489c-4aba-81f4-ac9b5371f33e,pig,Test Pig Breed,female,2025-12-26,14,44.63,36.72,36.72,0,29.35,10.92,,7.369999999999997,25.799999999999997,,1.0083333333333313,0.8264242424242425,1.0528571428571425,0.8599999999999999,0.5111290322580645,7.523437748500053,14.14,36.72,10,-18.21826280623608,100.0,0,0,0,,2,0,1.0,15,0,4,10.0,False,False,False,0,2,0
25cde5a3-489c-4aba-81f4-ac9b5371f33e,pig,Test Pig Breed,female,2025-12-29,7,44.3,39.93,39.93,0,30.67,14.14,,9.259999999999998,25.79,,1.0366666666666653,0.8490303030303031,1.3228571428571425,0.8596666666666667,0.536923076923077,7.733606676203686,16.23,39.93,10,-15.042553191489363,100.0,0,0,0,,2,0,1.0,18,0,4,13.0,False,False,False,0,1,0
25cde5a3-489c-4aba-81f4-ac9b5371f33e,pig,Test Pig Breed,female,2025-12-29,14,47.05,39.93,39.93,0,30.67,14.14,,9.259999999999998,25.79,,1.0366666666666653,0.8490303030303031,1.3228571428571425,0.8596666666666667,0.536923076923077,7.733606676203686,16.23,39.93,10,-15.042553191489363,100.0,0,0,0,,2,0,1.0,18,0,4,13.0,False,False,False,0,1,0
25cde5a3-489c-4aba-81f4-ac9b5371f33e,pig,Test Pig Breed,female,2026-01-01,7,44.63,42.15,42.15,0,33.71,16.23,,8.439999999999998,25.919999999999998,,0.9049999999999985,0.8542424242424241,1.2057142857142853,0.864,0.5458823529411765,7.7814980705659895,19.44,42.15,10,-14.154786150712823,100.0,0,0,0,,3,0,1.0,0,0,4,16.0,False,False,False,0,2,0
25cde5a3-489c-4aba-81f4-ac9b5371f33e,pig,Test Pig Breed,female,2026-01-01,14,50.82,42.15,42.15,0,33.71,16.23,,8.439999999999998,25.919999999999998,,0.9049999999999985,0.8542424242424241,1.2057142857142853,0.864,0.5458823529411765,7.7814980705659895,19.44,42.15,10,-14.154786150712823,100.0,0,0,0,,3,0,1.0,0,0,4,16.0,False,False,False,0,2,0
25cde5a3-489c-4aba-81f4-ac9b5371f33e,pig,Test Pig Breed,female,2026-01-04,7,47.05,44.3,44.3,0,36.72,19.44,,7.579999999999998,24.859999999999996,,0.7283333333333342,0.8651515151515147,1.0828571428571425,0.8286666666666666,0.5530985915492957,7.876757722706864,21.55,44.3,10,-13.476562499999996,100.0,0,0,0,,3,0,1.0,3,0,4,19.0,False,False,False,0,2,0
25cde5a3-489c-4aba-81f4-ac9b5371f33e,pig,Test Pig Breed,female,2026-01-04,14,50.29,44.3,44.3,0,36.72,19.44,,7.579999999999998,24.859999999999996,,0.7283333333333342,0.8651515151515147,1.0828571428571425,0.8286666666666666,0.5530985915492957,7.876757722706864,21.55,44.3,10,-13.476562499999996,100.0,0,0,0,,3,0,1.0,3,0,4,19.0,False,False,False,0,2,0
25cde5a3-489c-4aba-81f4-ac9b5371f33e,pig,Test Pig Breed,female,2026-01-07,7,50.82,44.63,44.63,0,39.93,21.55,,4.700000000000003,23.080000000000002,,0.41333333333333105,0.8285050505050507,0.6714285714285718,0.7693333333333334,0.5351351351351351,7.575711847740777,23.05,44.63,10,-16.26641651031894,100.0,0,0,0,,3,0,1.0,6,0,4,22.0,False,False,False,0,2,0
25cde5a3-489c-4aba-81f4-ac9b5371f33e,pig,Test Pig Breed,female,2026-01-10,7,50.29,47.05,47.05,0,42.15,23.05,,4.899999999999999,23.999999999999996,,0.45833333333333287,0.7759393939393945,0.6999999999999998,0.7999999999999999,0.5457142857142857,7.1030094560920665,27.0,47.05,10,-15.072202166064985,100.0,0,0,0,,3,0,1.0,9,0,5,1.0,False,False,False,0,2,0
f36c1263-e725-4a15-a86a-388a8ac5a13d,pig,Test Pig Breed,male,2025-12-05,7,23.14,17.58,17.58,0,10.04,,,7.539999999999999,,,0.6699999999999993,0.7947999999999998,1.077142857142857,,0.09330708661417321,5.138732009617417,5.73,17.58,4,-80.55309734513274,100.0,0,0,0,,1,0,1.0,8,0,0,,False,False,False,0,1,0
f36c1263-e725-4a15-a86a-388a8ac5a13d,pig,Test Pig Breed,male,2025-12-05,14,30.68,17.58,17.58,0,10.04,,,7.539999999999999,,,0.6699999999999993,0.7947999999999998,1.077142857142857,,0.09330708661417321,5.138732009617417,5.73,17.58,4,-80.55309734513274,100.0,0,0,0,,1,0,1.0,8,0,0,,False,False,False,0,1,0
f36c1263-e725-4a15-a86a-388a8ac5a13d,pig,Test Pig Breed,male,2025-12-05,30,40.46,17.58,17.58,0,10.04,,,7.539999999999999,,,0.6699999999999993,0.7947999999999998,1.077142857142857,,0.09330708661417321,5.138732009617417,5.73,17.58,4,-80.55309734513274,100.0,0,0,0,,1,0,1.0,8,0,0,,False,False,False,0,1,0
f36c1263-e725-4a15-a86a-388a8ac5a13d,pig,Test Pig Breed,male,2025-12-10,7,26.77,23.14,23.14,0,14.23,,,8.91,,,1.1119999999999997,0.8471999999999995,1.272857142857143,,0.1318939393939394,6.715275869240221,5.73,23.14,5,-75.35676251331203,100.0,0,0,0,,1,0,1.0,13,0,0,,False,False,False,0,1,0
f36c1263-e725-4a15-a86a-388a8ac5a13d,pig,Test Pig Breed,male,2025-12-10,14,34.35,23.14,23.14,0,14.23,,,8.91,,,1.1119999999999997,0.8471999999999995,1.272857142857143,,0.1318939393939394,6.715275869240221,5.73,23.14,5,-75.35676251331203,100.0,0,0,0,,1,0,1.0,13,0,0,,False,False,False,0,1,0
f36c1263-e725-4a15-a86a-388a8ac5a13d,pig,Test Pig Breed,male,2025-12-10,30,43.32,23.14,23.14,0,14.23,,,8.91,,,1.1119999999999997,0.8471999999999995,1.272857142857143,,0.1318939393939394,6.715275869240221,5.73,23.14,5,-75.35676251331203,100.0,0,0,0,,1,0,1.0,13,0,0,,False,False,False,0,1,0
f36c1263-e725-4a15-a86a-388a8ac5a13d,pig,Test Pig Breed,male,2025-12-15,7,30.68,26.77,26.77,0,17.58,,,9.190000000000001,,,0.7259999999999998,0.8448571428571424,1.312857142857143,,0.15357664233576643,7.9148756570565695,5.73,26.77,6,-72.51540041067763,100.0,0,0,0,,2,0,1.0,4,0,0,,False,False,False,0,2,0
f36c1263-e725-4a15-a86a-388a8ac5a13d,pig,Test Pig Breed,male,2025-12-15,14,36.98,26.77,26.77,0,17.58,,,9.190000000000001,,,0.7259999999999998,0.8448571428571424,1.312857142857143,,0.15357664233576643,7.9148756570565695,5.73,26.77,6,-72.51540041067763,100.0,0,0,0,,2,0,1.0,4,0,0,,False,False,False,0,2,0
f36c1263-e725-4a15-a86a-388a8ac5a13d,pig,Test Pig Breed,male,2025-12-15,30,47.29,26.77,26.77,0,17.58,,,9.190000000000001,,,0.7259999999999998,0.8448571428571424,1.312857142857143,,0.15357664233576643,7.9148756570565695,5.73,26.77,6,-72.51540041067763,100.0,0,0,0,,2,0,1.0,4,0,0,,False,False,False,0,2,0
f36c1263-e725-4a15-a86a-388a8ac5a13d,pig,Test Pig Breed,male,2025-12-20,7,34.35,30.68,30.68,0,23.14,5.73,,7.539999999999999,24.95,,0.7819999999999986,0.8364571428571425,1.077142857142857,0.8316666666666667,0.17570422535211266,7.837263978370683,10.04,30.68,6,-69.593657086224,100.0,0,0,0,,2,0,1.0,9,0,0,,False,False,False,0,2,0
f36c1263-e725-4a15-a86a-388a8ac5a13d,pig,Test Pig Breed,male,2025-12-20,14,40.46,30.68,30.68,0,23.14,5.73,,7.539999999999999,24.95,,0.7819999999999986,0.8364571428571425,1.077142857142857,0.8316666666666667,0.17570422535211266,7.837263978370683,10.04,30.68,6,-69.593657086224,100.0,0,0,0,,2,0,1.0,9,0,0,,False,False,False,0,2,0
f36c1263-e725-4a15-a86a-388a8ac5a13d,pig,Test Pig Breed,male,2025-12-25,7,36.98,34.35,34.35,0,26.77,10.04,,7.580000000000002,24.310000000000002,,0.7339999999999982,0.820171428571428,1.0828571428571432,0.8103333333333335,0.1946938775510204,7.688514594293664,14.23,34.35,6,-67.09770114942528,100.0,0,0,0,,2,0,1.0,14,0,0,,False,False,False,0,2,0
f36c1263-e725-4a15-a86a-388a8ac5a13d,pig,Test Pig Breed,male,2025-12-25,14,43.32,34.35,34.35,0,26.77,10.04,,7.580000000000002,24.310000000000002,,0.7339999999999982,0.820171428571428,1.0828571428571432,0.8103333333333335,0.1946938775510204,7.688514594293664,14.23,34.35,6,-67.09770114942528,100.0,0,0,0,,2,0,1.0,14,0,0,,False,False,False,0,2,0
f36c1263-e725-4a15-a86a-388a8ac5a13d,pig,Test Pig Breed,male,2025-12-30,7,40.46,36.98,36.98,0,30.68,14.23,,6.299999999999997,22.749999999999996,,0.5259999999999984,0.7687999999999999,0.8999999999999996,0.7583333333333332,0.20559210526315788,7.231586271351535,17.58,36.98,6,-65.72752548656162,100.0,0,0,0,,2,0,1.0,19,0,0,,False,False,False,0,1,0
f36c1263-e725-4a15-a86a-388a8ac5a13d,pig,Test Pig Breed,male,2025-12-30,14,47.29,36.98,36.98,0,30.68,14.23,,6.299999999999997,22.749999999999996,,0.5259999999999984,0.7687999999999999,0.8999999999999996,0.7583333333333332,0.20559210526315788,7.231586271351535,17.58,36.98,6,-65.72752548656162,100.0,0,0,0,,2,0,1.0,19,0,0,,False,False,False,0,1,0
f36c1263-e725-4a15-a86a-388a8ac5a13d,pig,Test Pig Breed,male,2026-01-04,7,43.32,40.46,40.46,0,34.35,17.58,,6.109999999999999,22.880000000000003,,0.6959999999999994,0.690857142857143,0.8728571428571428,0.7626666666666667,0.22121019108280257,6.472485354689237,23.14,40.46,6,-63.680430879712745,100.0,0,0,0,,3,0,1.0,3,0,0,,False,False,False,0,2,0
f36c1263-e725-4a15-a86a-388a8ac5a13d,pig,Test Pig Breed,male,2026-01-09,7,47.29,43.32,43.32,0,36.98,23.14,,6.340000000000003,20.18,,0.5719999999999992,0.6555428571428571,0.9057142857142862,0.6726666666666666,0.23203703703703707,6.1429623689769315,26.77,43.32,6,-62.2976501305483,100.0,0,0,0,,3,0,1.0,8,0,0,,False,False,False,0,2,0
059851ae-a5f9-4359-9969-45e9056d4076,pig,Test Pig Breed,female,2025-12-15,7,23.09,17.79,17.79,0,13.05,,,4.739999999999998,,,,0.7307142857142856,0.6771428571428569,,0.7307142857142858,5.1195800609034325,7.56,17.79,3,57.43362831858407,100.0,0,0,0,,1,0,1.0,7,0,1,1.0,False,False,False,0,1,0
059851ae-a5f9-4359-9969-45e9056d4076,pig,Test Pig Breed,female,2025-12-15,14,28.56,17.79,17.79,0,13.05,,,4.739999999999998,,,,0.7307142857142856,0.6771428571428569,,0.7307142857142858,5.1195800609034325,7.56,17.79,3,57.43362831858407,100.0,0,0,0,,1,0,1.0,7,0,1,1.0,False,False,False,0,1,0
059851ae-a5f9-4359-9969-45e9056d4076,pig,Test Pig Breed,female,2025-12-15,30,38.62,17.79,17.79,0,13.05,,,4.739999999999998,,,,0.7307142857142856,0.6771428571428569,,0.7307142857142858,5.1195800609034325,7.56,17.79,3,57.43362831858407,100.0,0,0,0,,1,0,1.0,7,0,1,1.0,False,False,False,0,1,0
059851ae-a5f9-4359-9969-45e9056d4076,pig,Test Pig Breed,female,2025-12-22,7,28.56,23.09,23.09,0,17.79,,,5.300000000000001,,,,0.7332857142857145,0.7571428571428572,,0.7395238095238096,6.629059133843957,7.56,23.09,4,42.530864197530875,100.0,0,0,0,,2,0,1.0,0,0,2,4.0,False,False,False,0,2,0
059851ae-a5f9-4359-9969-45e9056d4076,pig,Test Pig Breed,female,2025-12-22,14,33.43,23.09,23.09,0,17.79,,,5.300000000000001,,,,0.7332857142857145,0.7571428571428572,,0.7395238095238096,6.629059133843957,7.56,23.09,4,42.530864197530875,100.0,0,0,0,,2,0,1.0,0,0,2,4.0,False,False,False,0,2,0
059851ae-a5f9-4359-9969-45e9056d4076,pig,Test Pig Breed,female,2025-12-29,7,33.43,28.56,28.56,0,23.09,,,5.469999999999999,,,,0.7434285714285712,0.7814285714285713,,0.75,8.230452599948558,7.56,28.56,5,35.35545023696683,100.0,0,0,0,,2,0,1.0,7,0,2,11.0,False,False,False,0,2,0
059851ae-a5f9-4359-9969-45e9056d4076,pig,Test Pig Breed,female,2025-12-29,14,38.62,28.56,28.56,0,23.09,,,5.469999999999999,,,,0.7434285714285712,0.7814285714285713,,0.75,8.230452599948558,7.56,28.56,5,35.35545023696683,100.0,0,0,0,,2,0,1.0,7,0,2,11.0,False,False,False,0,2,0
059851ae-a5f9-4359-9969-45e9056d4076,pig,Test Pig Breed,female,2026-01-05,7,38.62,33.43,33.43,0,28.56,7.56,,4.870000000000001,25.87,,,0.7361428571428572,0.6957142857142858,0.8623333333333334,0.7391428571428572,8.149906747932762,13.05,33.43,5,28.576923076923077,100.0,0,0,0,,2,0,1.0,14,0,3,4.0,False,False,False,0,2,0
47b332cc-eab2-4f72-85a6-3ec12f013cb7,pig,Test Pig Breed,male,2025-12-05,7,21.7,16.6,16.6,0,9.03,,,7.570000000000002,,,0.7666666666666666,0.8479047619047617,1.0814285714285716,,0.19703125000000002,4.766623193274949,3.99,16.6,6,-64.14686825053995,100.0,0,0,0,,1,0,1.0,8,0,1,12.0,False,False,False,0,1,0
47b332cc-eab2-4f72-85a6-3ec12f013cb7,pig,Test Pig Breed,male,2025-12-05,14,27.1,16.6,16.6,0,9.03,,,7.570000000000002,,,0.7666666666666666,0.8479047619047617,1.0814285714285716,,0.19703125000000002,4.766623193274949,3.99,16.6,6,-64.14686825053995,100.0,0,0,0,,1,0,1.0,8,0,1,12.0,False,False,False,0,1,0
47b332cc-eab2-4f72-85a6-3ec12f013cb7,pig,Test Pig Breed,male,2025-12-05,30,38.46,16.6,16.6,0,9.03,,,7.570000000000002,,,0.7666666666666666,0.8479047619047617,1.0814285714285716,,0.19703125000000002,4.766623193274949,3.99,16.6,6,-64.14686825053995,100.0,0,0,0,,1,0,1.0,8,0,1,12.0,False,False,False,0,1,0
47b332cc-eab2-4f72-85a6-3ec12f013cb7,pig,Test Pig Breed,male,2025-12-08,7,25.69,19.33,19.33,0,12.0,,,7.329999999999998,,,0.7799999999999992,0.8438095238095232,1.047142857142857,,0.228955223880597,5.47425402615344,3.99,19.33,7,-60.061983471074385,100.0,0,0,0,,1,0,1.0,11,0,2,2.0,False,False,False,0,1,0
47b332cc-eab2-4f72-85a6-3ec12f013cb7,pig,Test Pig Breed,male,2025-12-08,14,29.03,19.33,19.33,0,12.0,,,7.329999999999998,,,0.7799999999999992,0.8438095238095232,1.047142857142857,,0.228955223880597,5.47425402615344,3.99,19.33,7,-60.061983471074385,100.0,0,0,0,,1,0,1.0,11,0,2,2.0,False,False,False,0,1,0
47b332cc-eab2-4f72-85a6-3ec12f013cb7,pig,Test Pig Breed,male,2025-12-08,30,40.85,19.33,19.33,0,12.0,,,7.329999999999998,,,0.7799999999999992,0.8438095238095232,1.047142857142857,,0.228955223880597,5.47425402615344,3.99,19.33,7,-60.061983471074385,100.0,0,0,0,,1,0,1.0,11,0,2,2.0,False,False,False,0,1,0
47b332cc-eab2-4f72-85a6-3ec12f013cb7,pig,Test Pig Breed,male,2025-12-11,7,27.1,21.7,21.7,0,14.65,,,7.049999999999999,,,0.8499999999999982,0.8376190476190474,1.007142857142857,,0.253,6.1599281071871514,3.99,21.7,8,-57.02970297029704,100.0,0,0,0,,2,0,1.0,0,0,2,5.0,False,False,False,0,2,0
47b332cc-eab2-4f72-85a6-3ec12f013cb7,pig,Test Pig Breed,male,2025-12-11,14,32.34,21.7,21.7,0,14.65,,,7.049999999999999,,,0.8499999999999982,0.8376190476190474,1.007142857142857,,0.253,6.1599281071871514,3.99,21.7,8,-57.02970297029704,100.0,0,0,0,,2,0,1.0,0,0,2,5.0,False,False,False,0,2,0
47b332cc-eab2-4f72-85a6-3ec12f013cb7,pig,Test Pig Breed,male,2025-12-11,30,42.42,21.7,21.7,0,14.65,,,7.049999999999999,,,0.8499999999999982,0.8376190476190474,1.007142857142857,,0.253,6.1599281071871514,3.99,21.7,8,-57.02970297029704,100.0,0,0,0,,2,0,1.0,0,0,2,5.0,False,False,False,0,2,0
47b332cc-eab2-4f72-85a6-3ec12f013cb7,pig,Test Pig Breed,male,2025-12-14,7,29.03,25.69,25.69,0,16.6,,,9.09,,,1.0599999999999998,0.8675555555555553,1.2985714285714285,,0.2972602739726028,7.141145644160404,3.99,25.69,9,-51.159695817490494,98.0,1,1,1,0.0,2,0,1.0,3,0,2,8.0,False,False,False,0,2,0
47b332cc-eab2-4f72-85a6-3ec12f013cb7,pig,Test Pig Breed,male,2025-12-14,14,34.71,25.69,25.69,0,16.6,,,9.09,,,1.0599999999999998,0.8675555555555553,1.2985714285714285,,0.2972602739726028,7.141145644160404,3.99,25.69,9,-51.159695817490494,98.0,1,1,1,0.0,2,0,1.0,3,0,2,8.0,False,False,False,0,2,0
47b332cc-eab2-4f72-85a6-3ec12f013cb7,pig,Test Pig Breed,male,2025-12-14,30,47.11,25.69,25.69,0,16.6,,,9.09,,,1.0599999999999998,0.8675555555555553,1.2985714285714285,,0.2972602739726028,7.141145644160404,3.99,25.69,9,-51.159695817490494,98.0,1,1,1,0.0,2,0,1.0,3,0,2,8.0,False,False,False,0,2,0
47b332cc-eab2-4f72-85a6-3ec12f013cb7,pig,Test Pig Breed,male,2025-12-17,7,32.34,27.1,27.1,0,19.33,,,7.770000000000003,,,0.8999999999999996,0.8611111111111109,1.1100000000000005,,0.30407894736842106,7.832910697818532,3.99,27.1,10,-50.45703839122485,98.0,1,1,1,3.0,2,0,1.0,6,0,2,11.0,False,False,False,0,2,0
47b332cc-eab2-4f72-85a6-3ec12f013cb7,pig,Test Pig Breed,male,2025-12-17,14,36.4,27.1,27.1,0,19.33,,,7.770000000000003,,,0.8999999999999996,0.8611111111111109,1.1100000000000005,,0.30407894736842106,7.832910697818532,3.99,27.1,10,-50.45703839122485,98.0,1,1,1,3.0,2,0,1.0,6,0,2,11.0,False,False,False,0,2,0
47b332cc-eab2-4f72-85a6-3ec12f013cb7,pig,Test Pig Breed,male,2025-12-17,30,45.39,27.1,27.1,0,19.33,,,7.770000000000003,,,0.8999999999999996,0.8611111111111109,1.1100000000000005,,0.30407894736842106,7.832910697818532,3.99,27.1,10,-50.45703839122485,98.0,1,1,1,3.0,2,0,1.0,6,0,2,11.0,False,False,False,0,2,0
47b332cc-eab2-4f72-85a6-3ec12f013cb7,pig,Test Pig Breed,male,2025-12-20,7,34.71,29.03,29.03,0,21.7,3.99,,7.330000000000002,25.04,,0.5566666666666666,0.8429696969696966,1.0471428571428574,0.8346666666666667,0.3169620253164557,7.671769968165394,6.98,29.03,10,-48.89084507042253,98.0,1,1,1,6.0,2,0,1.0,9,0,2,14.0,False,False,False,0,2,0
47b332cc-eab2-4f72-85a6-3ec12f013cb7,pig,Test Pig Breed,male,2025-12-20,14,38.46,29.03,29.03,0,21.7,3.99,,7.330000000000002,25.04,,0.5566666666666666,0.8429696969696966,1.0471428571428574,0.8346666666666667,0.3169620253164557,7.671769968165394,6.98,29.03,10,-48.89084507042253,98.0,1,1,1,6.0,2,0,1.0,9,0,2,14.0,False,False,False,0,2,0
47b332cc-eab2-4f72-85a6-3ec12f013cb7,pig,Test Pig Breed,male,2025-12-20,30,48.51,29.03,29.03,0,21.7,3.99,,7.330000000000002,25.04,,0.5566666666666666,0.8429696969696966,1.0471428571428574,0.8346666666666667,0.3169620253164557,7.671769968165394,6.98,29.03,10,-48.89084507042253,98.0,1,1,1,6.0,2,0,1.0,9,0,2,14.0,False,False,False,0,2,0
47b332cc-eab2-4f72-85a6-3ec12f013cb7,pig,Test Pig Breed,male,2025-12-23,7,36.4,32.34,32.34,0,25.69,6.98,,6.650000000000002,25.360000000000003,,0.8733333333333327,0.8502828282828282,0.9500000000000003,0.8453333333333334,0.3457317073170732,7.737964202553538,9.03,32.34,10,-45.09337860780984,100.0,0,1,1,9.0,2,0,1.0,12,0,2,17.0,False,False,False,0,2,0
47b332cc-eab2-4f72-85a6-3ec12f013cb7,pig,Test Pig Breed,male,2025-12-23,14,40.85,32.34,32.34,0,25.69,6.98,,6.650000000000002,25.360000000000003,,0.8733333333333327,0.8502828282828282,0.9500000000000003,0.8453333333333334,0.3457317073170732,7.737964202553538,9.03,32.34,10,-45.09337860780984,100.0,0,1,1,9.0,2,0,1.0,12,0,2,17.0,False,False,False,0,2,0
47b332cc-eab2-4f72-85a6-3ec12f013cb7,pig,Test Pig Breed,male,2025-12-26,7,38.46,34.71,34.71,0,27.1,9.03,,7.609999999999999,25.68,,0.946666666666667,0.8437777777777776,1.087142857142857,0.856,0.3614117647058823,7.678366796830344,12.0,34.71,10,-43.09836065573769,100.0,0,1,1,12.0,2,0,1.0,15,0,2,20.0,False,False,False,0,2,0
47b332cc-eab2-4f72-85a6-3ec12f013cb7,pig,Test Pig Breed,male,2025-12-26,14,42.42,34.71,34.71,0,27.1,9.03,,7.609999999999999,25.68,,0.946666666666667,0.8437777777777776,1.087142857142857,0.856,0.3614117647058823,7.678366796830344,12.0,34.71,10,-43.09836065573769,100.0,0,1,1,12.0,2,0,1.0,15,0,2,20.0,False,False,False,0,2,0
47b332cc-eab2-4f72-85a6-3ec12f013cb7,pig,Test Pig Breed,male,2025-12-29,7,40.85,36.4,36.4,0,29.03,12.0,,7.369999999999997,24.4,,0.676666666666663,0.8302424242424242,1.0528571428571425,0.8133333333333332,0.3682954545454545,7.559158168885092,14.65,36.4,10,-42.31378763866878,100.0,0,1,1,15.0,2,0,1.0,18,0,2,23.0,False,False,False,0,1,0
47b332cc-eab2-4f72-85a6-3ec12f013cb7,pig,Test Pig Breed,male,2025-12-29,14,47.11,36.4,36.4,0,29.03,12.0,,7.369999999999997,24.4,,0.676666666666663,0.8302424242424242,1.0528571428571425,0.8133333333333332,0.3682954545454545,7.559158168885092,14.65,36.4,10,-42.31378763866878,100.0,0,1,1,15.0,2,0,1.0,18,0,2,23.0,False,False,False,0,1,0
47b332cc-eab2-4f72-85a6-3ec12f013cb7,pig,Test Pig Breed,male,2026-01-01,7,42.42,38.46,38.46,0,32.34,14.65,,6.119999999999997,23.810000000000002,,0.6249999999999971,0.8144646464646464,0.8742857142857139,0.7936666666666667,0.37879120879120876,7.421232602023288,16.6,38.46,10,-41.0122699386503,100.0,0,1,1,18.0,3,0,1.0,0,0,2,26.0,False,False,False,0,2,0
47b332cc-eab2-4f72-85a6-3ec12f013cb7,pig,Test Pig Breed,male,2026-01-01,14,45.39,38.46,38.46,0,32.34,14.65,,6.119999999999997,23.810000000000002,,0.6249999999999971,0.8144646464646464,0.8742857142857139,0.7936666666666667,0.37879120879120876,7.421232602023288,16.6,38.46,10,-41.0122699386503,100.0,0,1,1,18.0,3,0,1.0,0,0,2,26.0,False,False,False,0,2,0
47b332cc-eab2-4f72-85a6-3ec12f013cb7,pig,Test Pig Breed,male,2026-01-04,7,47.11,40.85,40.85,0,34.71,16.6,,6.140000000000001,24.25,,0.7416666666666697,0.7892727272727276,0.8771428571428572,0.8083333333333333,0.3921276595744681,7.191294814642987,19.33,40.85,10,-39.30163447251114,100.0,0,1,1,21.0,3,0,1.0,3,0,2,29.0,False,False,False,0,2,0
47b332cc-eab2-4f72-85a6-3ec12f013cb7,pig,Test Pig Breed,male,2026-01-04,14,48.51,40.85,40.85,0,34.71,16.6,,6.140000000000001,24.25,,0.7416666666666697,0.7892727272727276,0.8771428571428572,0.8083333333333333,0.3921276595744681,7.191294814642987,19.33,40.85,10,-39.30163447251114,100.0,0,1,1,21.0,3,0,1.0,3,0,2,29.0,False,False,False,0,2,0
47b332cc-eab2-4f72-85a6-3ec12f013cb7,pig,Test Pig Breed,male,2026-01-07,7,45.39,42.42,42.42,0,36.4,19.33,,6.020000000000003,23.090000000000003,,0.6599999999999999,0.7553131313131314,0.8600000000000004,0.7696666666666668,0.39618556701030927,6.884912651749638,21.7,42.42,10,-38.87608069164264,100.0,0,1,1,24.0,3,0,1.0,6,0,2,32.0,False,False,False,0,2,0
47b332cc-eab2-4f72-85a6-3ec12f013cb7,pig,Test Pig Breed,male,2026-01-10,7,48.51,47.11,47.11,0,38.46,21.7,,8.649999999999999,25.41,,1.0433333333333326,0.7660000000000002,1.2357142857142855,0.847,0.43119999999999997,6.9925364178926905,25.69,47.11,10,-34.11188811188811,100.0,0,1,1,27.0,3,0,1.0,9,0,2,35.0,False,False,False,0,2,0
d7264cd3-3872-45cd-8152-cbe70173f1f3,pig,Test Pig Breed,male,2025-12-05,7,17.4,13.67,13.67,0,8.13,,,5.539999999999999,,,0.5933333333333334,0.6543809523809522,0.7914285714285713,,0.15854838709677418,3.6763500921430206,3.84,13.67,6,-69.55456570155901,100.0,0,0,0,,1,0,1.0,8,0,0,,False,False,False,0,1,0
d7264cd3-3872-45cd-8152-cbe70173f1f3,pig,Test Pig Breed,male,2025-12-05,14,20.73,13.67,13.67,0,8.13,,,5.539999999999999,,,0.5933333333333334,0.6543809523809522,0.7914285714285713,,0.15854838709677418,3.6763500921430206,3.84,13.67,6,-69.55456570155901,100.0,0,0,0,,1,0,1.0,8,0,0,,False,False,False,0,1,0
d7264cd3-3872-45cd-8152-cbe70173f1f3,pig,Test Pig Breed,male,2025-12-05,30,29.49,13.67,13.67,0,8.13,,,5.539999999999999,,,0.5933333333333334,0.6543809523809522,0.7914285714285713,,0.15854838709677418,3.6763500921430206,3.84,13.67,6,-69.55456570155901,100.0,0,0,0,,1,0,1.0,8,0,0,,False,False,False,0,1,0
d7264cd3-3872-45cd-8152-cbe70173f1f3,pig,Test Pig Breed,male,2025-12-08,7,20.02,16.12,16.12,0,10.11,,,6.010000000000002,,,0.7100000000000003,0.6655952380952378,0.8585714285714288,,0.18892307692307694,4.3171573539827826,3.84,16.12,7,-65.70212765957446,100.0,0,0,0,,1,0,1.0,11,0,0,,False,False,False,0,1,0
d7264cd3-3872-45cd-8152-cbe70173f1f3,pig,Test Pig Breed,male,2025-12-08,14,22.77,16.12,16.12,0,10.11,,,6.010000000000002,,,0.7100000000000003,0.6655952380952378,0.8585714285714288,,0.18892307692307694,4.3171573539827826,3.84,16.12,7,-65.70212765957446,100.0,0,0,0,,1,0,1.0,11,0,0,,False,False,False,0,1,0
d7264cd3-3872-45cd-8152-cbe70173f1f3,pig,Test Pig Breed,male,2025-12-08,30,30.39,16.12,16.12,0,10.11,,,6.010000000000002,,,0.7100000000000003,0.6655952380952378,0.8585714285714288,,0.18892307692307694,4.3171573539827826,3.84,16.12,7,-65.70212765957446,100.0,0,0,0,,1,0,1.0,11,0,0,,False,False,False,0,1,0
d7264cd3-3872-45cd-8152-cbe70173f1f3,pig,Test Pig Breed,male,2025-12-11,7,20.73,17.4,17.4,0,11.86,,,5.539999999999999,,,0.621666666666667,0.6503571428571425,0.7914285714285713,,0.19941176470588234,4.784541887310484,3.84,17.4,8,-64.56211812627292,100.0,0,0,0,,2,0,1.0,0,0,0,,False,False,False,0,2,0
d7264cd3-3872-45cd-8152-cbe70173f1f3,pig,Test Pig Breed,male,2025-12-11,14,24.25,17.4,17.4,0,11.86,,,5.539999999999999,,,0.621666666666667,0.6503571428571425,0.7914285714285713,,0.19941176470588234,4.784541887310484,3.84,17.4,8,-64.56211812627292,100.0,0,0,0,,2,0,1.0,0,0,0,,False,False,False,0,2,0
d7264cd3-3872-45cd-8152-cbe70173f1f3,pig,Test Pig Breed,male,2025-12-11,30,32.58,17.4,17.4,0,11.86,,,5.539999999999999,,,0.621666666666667,0.6503571428571425,0.7914285714285713,,0.19941176470588234,4.784541887310484,3.84,17.4,8,-64.56211812627292,100.0,0,0,0,,2,0,1.0,0,0,0,,False,False,False,0,2,0
d7264cd3-3872-45cd-8152-cbe70173f1f3,pig,Test Pig Breed,male,2025-12-14,7,22.77,20.02,20.02,0,13.67,,,6.35,,,0.6499999999999997,0.6581111111111109,0.9071428571428571,,0.22788732394366196,5.411996191589363,3.84,20.02,9,-60.8984375,100.0,0,0,0,,2,0,1.0,3,0,0,,False,False,False,0,2,0
d7264cd3-3872-45cd-8152-cbe70173f1f3,pig,Test Pig Breed,male,2025-12-14,14,26.41,20.02,20.02,0,13.67,,,6.35,,,0.6499999999999997,0.6581111111111109,0.9071428571428571,,0.22788732394366196,5.411996191589363,3.84,20.02,9,-60.8984375,100.0,0,0,0,,2,0,1.0,3,0,0,,False,False,False,0,2,0
d7264cd3-3872-45cd-8152-cbe70173f1f3,pig,Test Pig Breed,male,2025-12-14,30,34.69,20.02,20.02,0,13.67,,,6.35,,,0.6499999999999997,0.6581111111111109,0.9071428571428571,,0.22788732394366196,5.411996191589363,3.84,20.02,9,-60.8984375,100.0,0,0,0,,2,0,1.0,3,0,0,,False,False,False,0,2,0
d7264cd3-3872-45cd-8152-cbe70173f1f3,pig,Test Pig Breed,male,2025-12-17,7,24.25,20.73,20.73,0,16.12,,,4.609999999999999,,,0.5550000000000003,0.6390707070707069,0.6585714285714285,,0.22824324324324324,5.8157005883498964,3.84,20.73,10,-61.10694183864914,100.0,0,0,0,,2,0,1.0,6,0,0,,False,False,False,0,2,0
d7264cd3-3872-45cd-8152-cbe70173f1f3,pig,Test Pig Breed,male,2025-12-17,14,28.32,20.73,20.73,0,16.12,,,4.609999999999999,,,0.5550000000000003,0.6390707070707069,0.6585714285714285,,0.22824324324324324,5.8157005883498964,3.84,20.73,10,-61.10694183864914,100.0,0,0,0,,2,0,1.0,6,0,0,,False,False,False,0,2,0
d7264cd3-3872-45cd-8152-cbe70173f1f3,pig,Test Pig Breed,male,2025-12-17,30,35.81,20.73,20.73,0,16.12,,,4.609999999999999,,,0.5550000000000003,0.6390707070707069,0.6585714285714285,,0.22824324324324324,5.8157005883498964,3.84,20.73,10,-61.10694183864914,100.0,0,0,0,,2,0,1.0,6,0,0,,False,False,False,0,2,0
d7264cd3-3872-45cd-8152-cbe70173f1f3,pig,Test Pig Breed,male,2025-12-20,7,26.41,22.77,22.77,0,17.4,3.84,,5.370000000000001,18.93,,0.45833333333333365,0.6217171717171716,0.7671428571428572,0.631,0.24584415584415584,5.658233823376337,6.0,22.77,10,-58.89891696750902,100.0,0,0,0,,2,0,1.0,9,0,0,,False,False,False,0,2,0
d7264cd3-3872-45cd-8152-cbe70173f1f3,pig,Test Pig Breed,male,2025-12-20,14,29.49,22.77,22.77,0,17.4,3.84,,5.370000000000001,18.93,,0.45833333333333365,0.6217171717171716,0.7671428571428572,0.631,0.24584415584415584,5.658233823376337,6.0,22.77,10,-58.89891696750902,100.0,0,0,0,,2,0,1.0,9,0,0,,False,False,False,0,2,0
d7264cd3-3872-45cd-8152-cbe70173f1f3,pig,Test Pig Breed,male,2025-12-20,30,38.5,22.77,22.77,0,17.4,3.84,,5.370000000000001,18.93,,0.45833333333333365,0.6217171717171716,0.7671428571428572,0.631,0.24584415584415584,5.658233823376337,6.0,22.77,10,-58.89891696750902,100.0,0,0,0,,2,0,1.0,9,0,0,,False,False,False,0,2,0
d7264cd3-3872-45cd-8152-cbe70173f1f3,pig,Test Pig Breed,male,2025-12-23,7,28.32,24.25,24.25,0,20.02,6.0,,4.23,18.25,,0.5866666666666668,0.6027878787878785,0.6042857142857143,0.6083333333333333,0.255125,5.487766596915563,8.13,24.25,10,-57.826086956521735,100.0,0,0,0,,2,0,1.0,12,0,0,,False,False,False,0,2,0
d7264cd3-3872-45cd-8152-cbe70173f1f3,pig,Test Pig Breed,male,2025-12-23,14,30.39,24.25,24.25,0,20.02,6.0,,4.23,18.25,,0.5866666666666668,0.6027878787878785,0.6042857142857143,0.6083333333333333,0.255125,5.487766596915563,8.13,24.25,10,-57.826086956521735,100.0,0,0,0,,2,0,1.0,12,0,0,,False,False,False,0,2,0
d7264cd3-3872-45cd-8152-cbe70173f1f3,pig,Test Pig Breed,male,2025-12-26,7,29.49,26.41,26.41,0,20.73,8.13,,5.68,18.28,,0.6066666666666669,0.5967272727272728,0.8114285714285714,0.6093333333333334,0.27192771084337347,5.431965471989756,10.11,26.41,10,-55.687919463087255,100.0,0,0,0,,2,0,1.0,15,0,0,,False,False,False,0,2,0
d7264cd3-3872-45cd-8152-cbe70173f1f3,pig,Test Pig Breed,male,2025-12-26,14,32.58,26.41,26.41,0,20.73,8.13,,5.68,18.28,,0.6066666666666669,0.5967272727272728,0.8114285714285714,0.6093333333333334,0.27192771084337347,5.431965471989756,10.11,26.41,10,-55.687919463087255,100.0,0,0,0,,2,0,1.0,15,0,0,,False,False,False,0,2,0
d7264cd3-3872-45cd-8152-cbe70173f1f3,pig,Test Pig Breed,male,2025-12-29,7,30.39,28.32,28.32,0,22.77,10.11,,5.550000000000001,18.21,,0.6783333333333333,0.5955353535353537,0.7928571428571429,0.607,0.2846511627906977,5.420965986078701,11.86,28.32,10,-54.100486223662884,100.0,0,0,0,,2,0,1.0,18,0,0,,False,False,False,0,1,0
d7264cd3-3872-45cd-8152-cbe70173f1f3,pig,Test Pig Breed,male,2025-12-29,14,34.69,28.32,28.32,0,22.77,10.11,,5.550000000000001,18.21,,0.6783333333333333,0.5955353535353537,0.7928571428571429,0.607,0.2846511627906977,5.420965986078701,11.86,28.32,10,-54.100486223662884,100.0,0,0,0,,2,0,1.0,18,0,0,,False,False,False,0,1,0
d7264cd3-3872-45cd-8152-cbe70173f1f3,pig,Test Pig Breed,male,2026-01-01,7,32.58,29.49,29.49,0,24.25,11.86,,5.239999999999998,17.63,,0.5133333333333326,0.5809292929292927,0.7485714285714283,0.5876666666666667,0.28820224719101123,5.288723433453064,13.67,29.49,10,-53.777429467084644,100.0,0,0,0,,3,0,1.0,0,0,0,,False,False,False,0,2,0
d7264cd3-3872-45cd-8152-cbe70173f1f3,pig,Test Pig Breed,male,2026-01-01,14,35.81,29.49,29.49,0,24.25,11.86,,5.239999999999998,17.63,,0.5133333333333326,0.5809292929292927,0.7485714285714283,0.5876666666666667,0.28820224719101123,5.288723433453064,13.67,29.49,10,-53.777429467084644,100.0,0,0,0,,3,0,1.0,0,0,0,,False,False,False,0,2,0
d7264cd3-3872-45cd-8152-cbe70173f1f3,pig,Test Pig Breed,male,2026-01-04,7,34.69,30.39,30.39,0,26.41,13.67,,3.9800000000000004,16.72,,0.34499999999999953,0.5516767676767675,0.5685714285714286,0.5573333333333333,0.28858695652173916,5.027975072863163,16.12,30.39,10,-53.88467374810318,100.0,0,0,0,,3,0,1.0,3,0,0,,False,False,False,0,2,0
d7264cd3-3872-45cd-8152-cbe70173f1f3,pig,Test Pig Breed,male,2026-01-04,14,38.5,30.39,30.39,0,26.41,13.67,,3.9800000000000004,16.72,,0.34499999999999953,0.5516767676767675,0.5685714285714286,0.5573333333333333,0.28858695652173916,5.027975072863163,16.12,30.39,10,-53.88467374810318,100.0,0,0,0,,3,0,1.0,3,0,0,,False,False,False,0,2,0
d7264cd3-3872-45cd-8152-cbe70173f1f3,pig,Test Pig Breed,male,2026-01-07,7,35.81,32.58,32.58,0,28.32,16.12,,4.259999999999998,16.459999999999997,,0.5150000000000013,0.5491313131313132,0.6085714285714283,0.5486666666666665,0.30252631578947364,5.0050068265021705,17.4,32.58,10,-52.088235294117645,100.0,0,0,0,,3,0,1.0,6,0,0,,False,False,False,0,2,0
d7264cd3-3872-45cd-8152-cbe70173f1f3,pig,Test Pig Breed,male,2026-01-10,7,38.5,34.69,34.69,0,29.49,17.4,,5.199999999999999,17.29,,0.7166666666666648,0.5468888888888893,0.7428571428571428,0.5763333333333333,0.31479591836734694,4.983658294867335,20.02,34.69,10,-50.51355206847361,100.0,0,0,0,,3,0,1.0,9,0,1,0.0,False,False,False,0,2,0
3b797a51-92da-482a-880d-350a67a52675,pig,Test Pig Breed,female,2025-12-04,7,20.19,15.63,15.63,0,11.39,,,4.24,,,,0.657142857142857,0.6057142857142858,,0.07022900763358779,4.604693257970611,6.43,15.63,3,-83.22961373390558,100.0,0,0,0,,1,0,1.0,7,0,0,,False,False,False,0,1,0
3b797a51-92da-482a-880d-350a67a52675,pig,Test Pig Breed,female,2025-12-04,14,24.75,15.63,15.63,0,11.39,,,4.24,,,,0.657142857142857,0.6057142857142858,,0.07022900763358779,4.604693257970611,6.43,15.63,3,-83.22961373390558,100.0,0,0,0,,1,0,1.0,7,0,0,,False,False,False,0,1,0
3b797a51-92da-482a-880d-350a67a52675,pig,Test Pig Breed,female,2025-12-04,30,31.62,15.63,15.63,0,11.39,,,4.24,,,,0.657142857142857,0.6057142857142858,,0.07022900763358779,4.604693257970611,6.43,15.63,3,-83.22961373390558,100.0,0,0,0,,1,0,1.0,7,0,0,,False,False,False,0,1,0
3b797a51-92da-482a-880d-350a67a52675,pig,Test Pig Breed,female,2025-12-11,7,24.75,20.19,20.19,0,15.63,,,4.5600000000000005,,,,0.6502857142857144,0.6514285714285715,,0.09971014492753624,5.8792743316387845,6.43,20.19,4,-79.41896024464832,100.0,0,0,0,,2,0,1.0,0,0,0,,False,False,False,0,2,0
3b797a51-92da-482a-880d-350a67a52675,pig,Test Pig Breed,female,2025-12-11,14,28.11,20.19,20.19,0,15.63,,,4.5600000000000005,,,,0.6502857142857144,0.6514285714285715,,0.09971014492753624,5.8792743316387845,6.43,20.19,4,-79.41896024464832,100.0,0,0,0,,2,0,1.0,0,0,0,,False,False,False,0,2,0
3b797a51-92da-482a-880d-350a67a52675,pig,Test Pig Breed,female,2025-12-11,30,35.29,20.19,20.19,0,15.63,,,4.5600000000000005,,,,0.6502857142857144,0.6514285714285715,,0.09971014492753624,5.8792743316387845,6.43,20.19,4,-79.41896024464832,100.0,0,0,0,,2,0,1.0,0,0,0,,False,False,False,0,2,0
3b797a51-92da-482a-880d-350a67a52675,pig,Test Pig Breed,female,2025-12-18,7,28.11,24.75,24.75,0,20.19,,,4.559999999999999,,,,0.6491428571428572,0.6514285714285712,,0.1263448275862069,7.186342602464762,6.43,24.75,5,-75.97087378640776,100.0,0,0,0,,2,0,1.0,7,0,0,,False,False,False,0,2,0
3b797a51-92da-482a-880d-350a67a52675,pig,Test Pig Breed,female,2025-12-18,14,31.62,24.75,24.75,0,20.19,,,4.559999999999999,,,,0.6491428571428572,0.6514285714285712,,0.1263448275862069,7.186342602464762,6.43,24.75,5,-75.97087378640776,100.0,0,0,0,,2,0,1.0,7,0,0,,False,False,False,0,2,0
3b797a51-92da-482a-880d-350a67a52675,pig,Test Pig Breed,female,2025-12-18,30,39.89,24.75,24.75,0,20.19,,,4.559999999999999,,,,0.6491428571428572,0.6514285714285712,,0.1263448275862069,7.186342602464762,6.43,24.75,5,-75.97087378640776,100.0,0,0,0,,2,0,1.0,7,0,0,,False,False,False,0,2,0
3b797a51-92da-482a-880d-350a67a52675,pig,Test Pig Breed,female,2025-12-25,7,31.62,28.11,28.11,0,24.75,6.43,,3.3599999999999994,21.68,,,0.6079999999999997,0.4799999999999999,0.7226666666666667,0.14263157894736841,6.737928465040275,11.39,28.11,5,-73.9481000926784,100.0,0,0,0,,2,0,1.0,14,0,1,2.0,False,False,False,0,2,0
3b797a51-92da-482a-880d-350a67a52675,pig,Test Pig Breed,female,2025-12-25,14,35.29,28.11,28.11,0,24.75,6.43,,3.3599999999999994,21.68,,,0.6079999999999997,0.4799999999999999,0.7226666666666667,0.14263157894736841,6.737928465040275,11.39,28.11,5,-73.9481000926784,100.0,0,0,0,,2,0,1.0,14,0,1,2.0,False,False,False,0,2,0
3b797a51-92da-482a-880d-350a67a52675,pig,Test Pig Breed,female,2026-01-01,7,35.29,31.62,31.62,0,28.11,11.39,,3.5100000000000016,20.23,,,0.5699999999999998,0.5014285714285717,0.6743333333333333,0.15842767295597485,6.326017704685942,15.63,31.62,5,-71.96808510638297,100.0,0,0,0,,3,0,1.0,0,0,1,9.0,False,False,False,0,2,0
3b797a51-92da-482a-880d-350a67a52675,pig,Test Pig Breed,female,2026-01-01,14,39.89,31.62,31.62,0,28.11,11.39,,3.5100000000000016,20.23,,,0.5699999999999998,0.5014285714285717,0.6743333333333333,0.15842767295597485,6.326017704685942,15.63,31.62,5,-71.96808510638297,100.0,0,0,0,,3,0,1.0,0,0,1,9.0,False,False,False,0,2,0
3b797a51-92da-482a-880d-350a67a52675,pig,Test Pig Breed,female,2026-01-08,7,39.89,35.29,35.29,0,31.62,15.63,,3.669999999999998,19.659999999999997,,,0.5295714285714285,0.524285714285714,0.6553333333333332,0.17385542168674697,5.869814307113982,20.19,35.29,5,-70.01699235344095,100.0,0,0,0,,3,0,1.0,7,0,2,3.0,False,False,False,0,2,0
b3ad98b4-52a3-4cf9-a0b9-7e7cbd24df8a,goat,Test Goat Breed,female,2025-12-04,7,5.84,5.15,5.15,0,4.45,,,0.7000000000000002,,,,0.11499999999999995,0.10000000000000002,,0.019634146341463418,0.8072793816269559,3.54,5.15,3,-66.33986928104575,100.0,0,0,0,,1,0,1.0,7,0,0,,False,False,False,0,1,0
b3ad98b4-52a3-4cf9-a0b9-7e7cbd24df8a,goat,Test Goat Breed,female,2025-12-04,14,6.61,5.15,5.15,0,4.45,,,0.7000000000000002,,,,0.11499999999999995,0.10000000000000002,,0.019634146341463418,0.8072793816269559,3.54,5.15,3,-66.33986928104575,100.0,0,0,0,,1,0,1.0,7,0,0,,False,False,False,0,1,0
b3ad98b4-52a3-4cf9-a0b9-7e7cbd24df8a,goat,Test Goat Breed,female,2025-12-04,30,8.12,5.15,5.15,0,4.45,,,0.7000000000000002,,,,0.11499999999999995,0.10000000000000002,,0.019634146341463418,0.8072793816269559,3.54,5.15,3,-66.33986928104575,100.0,0,0,0,,1,0,1.0,7,0,0,,False,False,False,0,1,0
b3ad98b4-52a3-4cf9-a0b9-7e7cbd24df8a,goat,Test Goat Breed,female,2025-12-11,7,6.61,5.84,5.84,0,5.15,,,0.6899999999999995,,,,0.10857142857142862,0.0985714285714285,,0.025842696629213482,0.9835479991676394,3.54,5.84,4,-64.28134556574923,100.0,0,0,0,,2,0,1.0,0,0,0,,False,False,False,0,2,0
b3ad98b4-52a3-4cf9-a0b9-7e7cbd24df8a,goat,Test Goat Breed,female,2025-12-11,14,7.32,5.84,5.84,0,5.15,,,0.6899999999999995,,,,0.10857142857142862,0.0985714285714285,,0.025842696629213482,0.9835479991676394,3.54,5.84,4,-64.28134556574923,100.0,0,0,0,,2,0,1.0,0,0,0,,False,False,False,0,2,0
b3ad98b4-52a3-4cf9-a0b9-7e7cbd24df8a,goat,Test Goat Breed,female,2025-12-11,30,8.72,5.84,5.84,0,5.15,,,0.6899999999999995,,,,0.10857142857142862,0.0985714285714285,,0.025842696629213482,0.9835479991676394,3.54,5.84,4,-64.28134556574923,100.0,0,0,0,,2,0,1.0,0,0,0,,False,False,False,0,2,0
b3ad98b4-52a3-4cf9-a0b9-7e7cbd24df8a,goat,Test Goat Breed,female,2025-12-18,7,7.32,6.61,6.61,0,5.84,,,0.7700000000000005,,,,0.10757142857142861,0.11000000000000007,,0.03197916666666667,1.1921283487947092,3.54,6.61,5,-62.01149425287357,100.0,0,0,0,,2,0,1.0,7,0,1,6.0,False,False,False,0,2,0
b3ad98b4-52a3-4cf9-a0b9-7e7cbd24df8a,goat,Test Goat Breed,female,2025-12-18,14,8.12,6.61,6.61,0,5.84,,,0.7700000000000005,,,,0.10757142857142861,0.11000000000000007,,0.03197916666666667,1.1921283487947092,3.54,6.61,5,-62.01149425287357,100.0,0,0,0,,2,0,1.0,7,0,1,6.0,False,False,False,0,2,0
b3ad98b4-52a3-4cf9-a0b9-7e7cbd24df8a,goat,Test Goat Breed,female,2025-12-18,30,9.75,6.61,6.61,0,5.84,,,0.7700000000000005,,,,0.10757142857142861,0.11000000000000007,,0.03197916666666667,1.1921283487947092,3.54,6.61,5,-62.01149425287357,100.0,0,0,0,,2,0,1.0,7,0,1,6.0,False,False,False,0,2,0
b3ad98b4-52a3-4cf9-a0b9-7e7cbd24df8a,goat,Test Goat Breed,female,2025-12-25,7,8.12,7.32,7.32,0,6.61,3.54,,0.71,3.7800000000000002,,,0.10285714285714281,0.10142857142857142,0.126,0.036699029126213596,1.1386088002470383,4.45,7.32,5,-60.32520325203252,100.0,0,0,0,,2,0,1.0,14,0,1,13.0,False,False,False,0,2,0
b3ad98b4-52a3-4cf9-a0b9-7e7cbd24df8a,goat,Test Goat Breed,female,2025-12-25,14,8.72,7.32,7.32,0,6.61,3.54,,0.71,3.7800000000000002,,,0.10285714285714281,0.10142857142857142,0.126,0.036699029126213596,1.1386088002470383,4.45,7.32,5,-60.32520325203252,100.0,0,0,0,,2,0,1.0,14,0,1,13.0,False,False,False,0,2,0
b3ad98b4-52a3-4cf9-a0b9-7e7cbd24df8a,goat,Test Goat Breed,female,2026-01-01,7,8.72,8.12,8.12,0,7.32,4.45,,0.7999999999999989,3.669999999999999,,,0.10599999999999991,0.11428571428571413,0.12233333333333331,0.04163636363636363,1.1735288662832284,5.15,8.12,5,-58.35897435897436,100.0,0,0,0,,3,0,1.0,0,0,1,20.0,False,False,False,0,2,0
b3ad98b4-52a3-4cf9-a0b9-7e7cbd24df8a,goat,Test Goat Breed,female,2026-01-01,14,9.75,8.12,8.12,0,7.32,4.45,,0.7999999999999989,3.669999999999999,,,0.10599999999999991,0.11428571428571413,0.12233333333333331,0.04163636363636363,1.1735288662832284,5.15,8.12,5,-58.35897435897436,100.0,0,0,0,,3,0,1.0,0,0,1,20.0,False,False,False,0,2,0
b3ad98b4-52a3-4cf9-a0b9-7e7cbd24df8a,goat,Test Goat Breed,female,2026-01-08,7,9.75,8.72,8.72,0,8.12,5.15,,0.6000000000000014,3.5700000000000003,,,0.1038571428571429,0.08571428571428592,0.11900000000000001,0.04427350427350428,1.1504868534668269,5.84,8.72,5,-57.5669099756691,100.0,0,0,0,,3,0,1.0,7,0,1,27.0,False,False,False,0,2,0
aed9f6ab-ab6b-4858-9725-fa9b27ddd96e,goat,Test Goat Breed,female,2025-12-04,7,10.23,8.78,8.78,0,7.41,,,1.3699999999999992,,,,0.20071428571428565,0.1957142857142856,,0.06534883720930232,1.4051453068395925,5.97,8.78,3,-7.089947089947089,100.0,0,0,0,,1,0,1.0,7,0,0,,False,False,False,0,1,0
aed9f6ab-ab6b-4858-9725-fa9b27ddd96e,goat,Test Goat Breed,female,2025-12-04,14,10.88,8.78,8.78,0,7.41,,,1.3699999999999992,,,,0.20071428571428565,0.1957142857142856,,0.06534883720930232,1.4051453068395925,5.97,8.78,3,-7.089947089947089,100.0,0,0,0,,1,0,1.0,7,0,0,,False,False,False,0,1,0
aed9f6ab-ab6b-4858-9725-fa9b27ddd96e,goat,Test Goat Breed,female,2025-12-04,30,13.58,8.78,8.78,0,7.41,,,1.3699999999999992,,,,0.20071428571428565,0.1957142857142856,,0.06534883720930232,1.4051453068395925,5.97,8.78,3,-7.089947089947089,100.0,0,0,0,,1,0,1.0,7,0,0,,False,False,False,0,1,0
aed9f6ab-ab6b-4858-9725-fa9b27ddd96e,goat,Test Goat Breed,female,2025-12-11,7,10.88,10.23,10.23,0,8.78,,,1.450000000000001,,,,0.20214285714285726,0.2071428571428573,,0.08520000000000001,1.8268620637585096,5.97,10.23,4,-2.571428571428567,100.0,0,0,0,,2,0,1.0,0,0,0,,False,False,False,0,2,0
aed9f6ab-ab6b-4858-9725-fa9b27ddd96e,goat,Test Goat Breed,female,2025-12-11,14,12.43,10.23,10.23,0,8.78,,,1.450000000000001,,,,0.20214285714285726,0.2071428571428573,,0.08520000000000001,1.8268620637585096,5.97,10.23,4,-2.571428571428567,100.0,0,0,0,,2,0,1.0,0,0,0,,False,False,False,0,2,0
aed9f6ab-ab6b-4858-9725-fa9b27ddd96e,goat,Test Goat Breed,female,2025-12-11,30,14.46,10.23,10.23,0,8.78,,,1.450000000000001,,,,0.20214285714285726,0.2071428571428573,,0.08520000000000001,1.8268620637585096,5.97,10.23,4,-2.571428571428567,100.0,0,0,0,,2,0,1.0,0,0,0,,False,False,False,0,2,0
aed9f6ab-ab6b-4858-9725-fa9b27ddd96e,goat,Test Goat Breed,female,2025-12-18,7,12.43,10.88,10.88,0,10.23,,,0.6500000000000004,,,,0.1805714285714286,0.0928571428571429,,0.086140350877193,2.012841275411452,5.97,10.88,5,-5.800865800865786,100.0,0,0,0,,2,0,1.0,7,0,0,,False,False,False,0,2,0
aed9f6ab-ab6b-4858-9725-fa9b27ddd96e,goat,Test Goat Breed,female,2025-12-18,14,13.58,10.88,10.88,0,10.23,,,0.6500000000000004,,,,0.1805714285714286,0.0928571428571429,,0.086140350877193,2.012841275411452,5.97,10.88,5,-5.800865800865786,100.0,0,0,0,,2,0,1.0,7,0,0,,False,False,False,0,2,0
aed9f6ab-ab6b-4858-9725-fa9b27ddd96e,goat,Test Goat Breed,female,2025-12-18,30,15.94,10.88,10.88,0,10.23,,,0.6500000000000004,,,,0.1805714285714286,0.0928571428571429,,0.086140350877193,2.012841275411452,5.97,10.88,5,-5.800865800865786,100.0,0,0,0,,2,0,1.0,7,0,0,,False,False,False,0,2,0
aed9f6ab-ab6b-4858-9725-fa9b27ddd96e,goat,Test Goat Breed,female,2025-12-25,7,13.58,12.43,12.43,0,10.88,5.97,,1.549999999999999,6.46,,,0.17342857142857135,0.22142857142857128,0.21533333333333332,0.1009375,1.9309401855054964,7.41,12.43,5,-1.3492063492063489,100.0,0,0,0,,2,0,1.0,14,0,0,,False,False,False,0,2,0
aed9f6ab-ab6b-4858-9725-fa9b27ddd96e,goat,Test Goat Breed,female,2025-12-25,14,14.46,12.43,12.43,0,10.88,5.97,,1.549999999999999,6.46,,,0.17342857142857135,0.22142857142857128,0.21533333333333332,0.1009375,1.9309401855054964,7.41,12.43,5,-1.3492063492063489,100.0,0,0,0,,2,0,1.0,14,0,0,,False,False,False,0,2,0
aed9f6ab-ab6b-4858-9725-fa9b27ddd96e,goat,Test Goat Breed,female,2026-01-01,7,14.46,13.58,13.58,0,12.43,7.41,,1.1500000000000004,6.17,,,0.16857142857142873,0.16428571428571434,0.20566666666666666,0.1071830985915493,1.8758331482304071,8.78,13.58,5,-0.5128205128205149,100.0,0,0,0,,3,0,1.0,0,0,1,4.0,False,False,False,0,2,0
aed9f6ab-ab6b-4858-9725-fa9b27ddd96e,goat,Test Goat Breed,female,2026-01-01,14,15.94,13.58,13.58,0,12.43,7.41,,1.1500000000000004,6.17,,,0.16857142857142873,0.16428571428571434,0.20566666666666666,0.1071830985915493,1.8758331482304071,8.78,13.58,5,-0.5128205128205149,100.0,0,0,0,,3,0,1.0,0,0,1,4.0,False,False,False,0,2,0
aed9f6ab-ab6b-4858-9725-fa9b27ddd96e,goat,Test Goat Breed,female,2026-01-08,7,15.94,14.46,14.46,0,13.58,8.78,,0.8800000000000008,5.6800000000000015,,,0.15942857142857134,0.12571428571428583,0.18933333333333338,0.10884615384615387,1.7762967094491844,10.23,14.46,5,-1.6326530612244792,100.0,0,0,0,,3,0,1.0,7,0,1,11.0,False,False,False,0,2,0
a51f598d-ed6e-4e18-9b77-429026319fb0,goat,Test Goat Breed,male,2025-12-05,7,6.6,6.01,6.01,0,4.56,,,1.4500000000000002,,,0.10799999999999974,0.13999999999999999,0.20714285714285716,,0.021145833333333332,0.9082767566478108,3.98,6.01,4,-65.45977011494253,100.0,0,0,0,,1,0,1.0,8,0,0,,False,False,False,0,1,0
a51f598d-ed6e-4e18-9b77-429026319fb0,goat,Test Goat Breed,male,2025-12-05,14,8.4,6.01,6.01,0,4.56,,,1.4500000000000002,,,0.10799999999999974,0.13999999999999999,0.20714285714285716,,0.021145833333333332,0.9082767566478108,3.98,6.01,4,-65.45977011494253,100.0,0,0,0,,1,0,1.0,8,0,0,,False,False,False,0,1,0
a51f598d-ed6e-4e18-9b77-429026319fb0,goat,Test Goat Breed,male,2025-12-05,30,10.12,6.01,6.01,0,4.56,,,1.4500000000000002,,,0.10799999999999974,0.13999999999999999,0.20714285714285716,,0.021145833333333332,0.9082767566478108,3.98,6.01,4,-65.45977011494253,100.0,0,0,0,,1,0,1.0,8,0,0,,False,False,False,0,1,0
a51f598d-ed6e-4e18-9b77-429026319fb0,goat,Test Goat Breed,male,2025-12-10,7,7.53,6.6,6.6,0,5.47,,,1.13,,,0.11799999999999997,0.13379999999999978,0.16142857142857142,,0.025940594059405936,1.0618521554340792,3.98,6.6,5,-63.63636363636363,100.0,0,0,0,,1,0,1.0,13,0,0,,False,False,False,0,1,0
a51f598d-ed6e-4e18-9b77-429026319fb0,goat,Test Goat Breed,male,2025-12-10,14,8.78,6.6,6.6,0,5.47,,,1.13,,,0.11799999999999997,0.13379999999999978,0.16142857142857142,,0.025940594059405936,1.0618521554340792,3.98,6.6,5,-63.63636363636363,100.0,0,0,0,,1,0,1.0,13,0,0,,False,False,False,0,1,0
a51f598d-ed6e-4e18-9b77-429026319fb0,goat,Test Goat Breed,male,2025-12-10,30,10.69,6.6,6.6,0,5.47,,,1.13,,,0.11799999999999997,0.13379999999999978,0.16142857142857142,,0.025940594059405936,1.0618521554340792,3.98,6.6,5,-63.63636363636363,100.0,0,0,0,,1,0,1.0,13,0,0,,False,False,False,0,1,0
a51f598d-ed6e-4e18-9b77-429026319fb0,goat,Test Goat Breed,male,2025-12-15,7,8.4,7.53,7.53,0,6.01,,,1.5200000000000005,,,0.18599999999999994,0.13948571428571427,0.21714285714285722,,0.03349056603773585,1.3088531875908265,3.98,7.53,6,-60.158730158730144,100.0,0,0,0,,2,0,1.0,4,0,1,4.0,False,False,False,0,2,0
a51f598d-ed6e-4e18-9b77-429026319fb0,goat,Test Goat Breed,male,2025-12-15,14,9.44,7.53,7.53,0,6.01,,,1.5200000000000005,,,0.18599999999999994,0.13948571428571427,0.21714285714285722,,0.03349056603773585,1.3088531875908265,3.98,7.53,6,-60.158730158730144,100.0,0,0,0,,2,0,1.0,4,0,1,4.0,False,False,False,0,2,0
a51f598d-ed6e-4e18-9b77-429026319fb0,goat,Test Goat Breed,male,2025-12-15,30,11.27,7.53,7.53,0,6.01,,,1.5200000000000005,,,0.18599999999999994,0.13948571428571427,0.21714285714285722,,0.03349056603773585,1.3088531875908265,3.98,7.53,6,-60.158730158730144,100.0,0,0,0,,2,0,1.0,4,0,1,4.0,False,False,False,0,2,0
a51f598d-ed6e-4e18-9b77-429026319fb0,goat,Test Goat Breed,male,2025-12-20,7,8.78,8.4,8.4,0,6.6,3.98,,1.8000000000000007,4.42,,0.17399999999999965,0.14840000000000003,0.25714285714285723,0.14733333333333334,0.03981981981981982,1.3938926309679192,4.56,8.4,6,-57.25190839694656,100.0,0,0,0,,2,0,1.0,9,0,1,9.0,False,False,False,0,2,0
a51f598d-ed6e-4e18-9b77-429026319fb0,goat,Test Goat Breed,male,2025-12-20,14,10.12,8.4,8.4,0,6.6,3.98,,1.8000000000000007,4.42,,0.17399999999999965,0.14840000000000003,0.25714285714285723,0.14733333333333334,0.03981981981981982,1.3938926309679192,4.56,8.4,6,-57.25190839694656,100.0,0,0,0,,2,0,1.0,9,0,1,9.0,False,False,False,0,2,0
a51f598d-ed6e-4e18-9b77-429026319fb0,goat,Test Goat Breed,male,2025-12-25,7,9.44,8.78,8.78,0,7.53,4.56,,1.2499999999999991,4.22,,0.07599999999999944,0.14085714285714285,0.17857142857142844,0.14066666666666666,0.04137931034482758,1.325615580274563,5.47,8.78,6,-56.96078431372549,100.0,0,0,0,,2,0,1.0,14,0,1,14.0,False,False,False,0,2,0
a51f598d-ed6e-4e18-9b77-429026319fb0,goat,Test Goat Breed,male,2025-12-25,14,10.69,8.78,8.78,0,7.53,4.56,,1.2499999999999991,4.22,,0.07599999999999944,0.14085714285714285,0.17857142857142844,0.14066666666666666,0.04137931034482758,1.325615580274563,5.47,8.78,6,-56.96078431372549,100.0,0,0,0,,2,0,1.0,14,0,1,14.0,False,False,False,0,2,0
a51f598d-ed6e-4e18-9b77-429026319fb0,goat,Test Goat Breed,male,2025-12-30,7,10.12,9.44,9.44,0,8.4,5.47,,1.0399999999999991,3.9699999999999998,,0.13199999999999967,0.14034285714285719,0.14857142857142844,0.13233333333333333,0.04512396694214875,1.321115690114483,6.01,9.44,6,-55.36643026004728,100.0,0,0,0,,2,0,1.0,19,0,2,0.0,False,False,False,0,1,0
a51f598d-ed6e-4e18-9b77-429026319fb0,goat,Test Goat Breed,male,2025-12-30,14,11.27,9.44,9.44,0,8.4,5.47,,1.0399999999999991,3.9699999999999998,,0.13199999999999967,0.14034285714285719,0.14857142857142844,0.13233333333333333,0.04512396694214875,1.321115690114483,6.01,9.44,6,-55.36643026004728,100.0,0,0,0,,2,0,1.0,19,0,2,0.0,False,False,False,0,1,0
a51f598d-ed6e-4e18-9b77-429026319fb0,goat,Test Goat Breed,male,2026-01-04,7,10.69,10.12,10.12,0,8.78,6.01,,1.3399999999999999,4.109999999999999,,0.1359999999999996,0.13548571428571415,0.19142857142857142,0.13699999999999998,0.04873015873015872,1.2762823616530419,6.6,10.12,6,-53.789954337899545,100.0,0,0,0,,3,0,1.0,3,0,2,5.0,False,False,False,0,2,0
a51f598d-ed6e-4e18-9b77-429026319fb0,goat,Test Goat Breed,male,2026-01-09,7,11.27,10.69,10.69,0,9.44,6.6,,1.25,4.09,,0.11399999999999935,0.12354285714285704,0.17857142857142858,0.13633333333333333,0.05122137404580152,1.1592928879278088,7.53,10.69,6,-52.803532008830025,100.0,0,0,0,,3,0,1.0,8,0,2,10.0,False,False,False,0,2,0
3f6ecab4-55e1-43fe-9405-3b2f2514185c,goat,Test Goat Breed,female,2025-12-05,7,7.07,5.93,5.93,0,4.92,,,1.0099999999999998,,,0.05499999999999986,0.12295238095238084,0.14428571428571427,,0.02549295774647887,0.7077687946403588,4.12,5.93,6,-56.556776556776555,100.0,0,0,0,,1,0,1.0,8,0,1,12.0,False,False,False,0,1,0
3f6ecab4-55e1-43fe-9405-3b2f2514185c,goat,Test Goat Breed,female,2025-12-05,14,7.19,5.93,5.93,0,4.92,,,1.0099999999999998,,,0.05499999999999986,0.12295238095238084,0.14428571428571427,,0.02549295774647887,0.7077687946403588,4.12,5.93,6,-56.556776556776555,100.0,0,0,0,,1,0,1.0,8,0,1,12.0,False,False,False,0,1,0
3f6ecab4-55e1-43fe-9405-3b2f2514185c,goat,Test Goat Breed,female,2025-12-05,30,9.14,5.93,5.93,0,4.92,,,1.0099999999999998,,,0.05499999999999986,0.12295238095238084,0.14428571428571427,,0.02549295774647887,0.7077687946403588,4.12,5.93,6,-56.556776556776555,100.0,0,0,0,,1,0,1.0,8,0,1,12.0,False,False,False,0,1,0
3f6ecab4-55e1-43fe-9405-3b2f2514185c,goat,Test Goat Breed,female,2025-12-08,7,7.0,6.53,6.53,0,5.6,,,0.9300000000000006,,,0.12333333333333339,0.12499999999999989,0.13285714285714295,,0.03256756756756757,0.8228984777977808,4.12,6.53,7,-53.687943262411345,100.0,0,0,0,,1,0,1.0,11,0,1,15.0,False,False,False,0,1,0
3f6ecab4-55e1-43fe-9405-3b2f2514185c,goat,Test Goat Breed,female,2025-12-08,14,8.09,6.53,6.53,0,5.6,,,0.9300000000000006,,,0.12333333333333339,0.12499999999999989,0.13285714285714295,,0.03256756756756757,0.8228984777977808,4.12,6.53,7,-53.687943262411345,100.0,0,0,0,,1,0,1.0,11,0,1,15.0,False,False,False,0,1,0
3f6ecab4-55e1-43fe-9405-3b2f2514185c,goat,Test Goat Breed,female,2025-12-08,30,9.69,6.53,6.53,0,5.6,,,0.9300000000000006,,,0.12333333333333339,0.12499999999999989,0.13285714285714295,,0.03256756756756757,0.8228984777977808,4.12,6.53,7,-53.687943262411345,100.0,0,0,0,,1,0,1.0,11,0,1,15.0,False,False,False,0,1,0
3f6ecab4-55e1-43fe-9405-3b2f2514185c,goat,Test Goat Breed,female,2025-12-11,7,7.19,7.07,7.07,0,5.79,,,1.2800000000000002,,,0.18999999999999997,0.13043650793650785,0.18285714285714288,,0.03831168831168831,0.9694613747555171,4.12,7.07,8,-51.408934707903775,100.0,0,0,0,,2,0,1.0,0,0,1,18.0,False,False,False,0,2,0
3f6ecab4-55e1-43fe-9405-3b2f2514185c,goat,Test Goat Breed,female,2025-12-11,14,8.5,7.07,7.07,0,5.79,,,1.2800000000000002,,,0.18999999999999997,0.13043650793650785,0.18285714285714288,,0.03831168831168831,0.9694613747555171,4.12,7.07,8,-51.408934707903775,100.0,0,0,0,,2,0,1.0,0,0,1,18.0,False,False,False,0,2,0
3f6ecab4-55e1-43fe-9405-3b2f2514185c,goat,Test Goat Breed,female,2025-12-11,30,10.04,7.07,7.07,0,5.79,,,1.2800000000000002,,,0.18999999999999997,0.13043650793650785,0.18285714285714288,,0.03831168831168831,0.9694613747555171,4.12,7.07,8,-51.408934707903775,100.0,0,0,0,,2,0,1.0,0,0,1,18.0,False,False,False,0,2,0
3f6ecab4-55e1-43fe-9405-3b2f2514185c,goat,Test Goat Breed,female,2025-12-14,7,8.09,7.0,7.0,0,5.93,,,1.0700000000000003,,,0.07833333333333357,0.12272222222222205,0.15285714285714289,,0.036,1.0219833658137494,4.12,7.07,9,-53.333333333333336,100.0,0,0,0,,2,0,1.0,3,0,1,21.0,False,False,False,0,2,0
3f6ecab4-55e1-43fe-9405-3b2f2514185c,goat,Test Goat Breed,female,2025-12-14,14,8.45,7.0,7.0,0,5.93,,,1.0700000000000003,,,0.07833333333333357,0.12272222222222205,0.15285714285714289,,0.036,1.0219833658137494,4.12,7.07,9,-53.333333333333336,100.0,0,0,0,,2,0,1.0,3,0,1,21.0,False,False,False,0,2,0
3f6ecab4-55e1-43fe-9405-3b2f2514185c,goat,Test Goat Breed,female,2025-12-14,30,10.55,7.0,7.0,0,5.93,,,1.0700000000000003,,,0.07833333333333357,0.12272222222222205,0.15285714285714289,,0.036,1.0219833658137494,4.12,7.07,9,-53.333333333333336,100.0,0,0,0,,2,0,1.0,3,0,1,21.0,False,False,False,0,2,0
3f6ecab4-55e1-43fe-9405-3b2f2514185c,goat,Test Goat Breed,female,2025-12-17,7,8.5,7.19,7.19,0,6.53,,,0.6600000000000001,,,0.01999999999999983,0.11555555555555562,0.0942857142857143,,0.03698795180722892,1.0666229157694131,4.12,7.19,10,-53.462783171521025,100.0,0,0,0,,2,0,1.0,6,0,1,24.0,False,False,False,0,2,0
3f6ecab4-55e1-43fe-9405-3b2f2514185c,goat,Test Goat Breed,female,2025-12-17,14,9.1,7.19,7.19,0,6.53,,,0.6600000000000001,,,0.01999999999999983,0.11555555555555562,0.0942857142857143,,0.03698795180722892,1.0666229157694131,4.12,7.19,10,-53.462783171521025,100.0,0,0,0,,2,0,1.0,6,0,1,24.0,False,False,False,0,2,0
3f6ecab4-55e1-43fe-9405-3b2f2514185c,goat,Test Goat Breed,female,2025-12-17,30,10.2,7.19,7.19,0,6.53,,,0.6600000000000001,,,0.01999999999999983,0.11555555555555562,0.0942857142857143,,0.03698795180722892,1.0666229157694131,4.12,7.19,10,-53.462783171521025,100.0,0,0,0,,2,0,1.0,6,0,1,24.0,False,False,False,0,2,0
3f6ecab4-55e1-43fe-9405-3b2f2514185c,goat,Test Goat Breed,female,2025-12-20,7,8.45,8.09,8.09,0,7.07,4.12,,1.0199999999999996,3.9699999999999998,,0.18166666666666673,0.1163030303030304,0.14571428571428566,0.13233333333333333,0.04616279069767441,1.0742465059545485,4.73,8.09,10,-49.119496855345915,100.0,0,0,0,,2,0,1.0,9,0,1,27.0,False,False,False,0,2,0
3f6ecab4-55e1-43fe-9405-3b2f2514185c,goat,Test Goat Breed,female,2025-12-20,14,9.14,8.09,8.09,0,7.07,4.12,,1.0199999999999996,3.9699999999999998,,0.18166666666666673,0.1163030303030304,0.14571428571428566,0.13233333333333333,0.04616279069767441,1.0742465059545485,4.73,8.09,10,-49.119496855345915,100.0,0,0,0,,2,0,1.0,9,0,1,27.0,False,False,False,0,2,0
3f6ecab4-55e1-43fe-9405-3b2f2514185c,goat,Test Goat Breed,female,2025-12-20,30,10.64,8.09,8.09,0,7.07,4.12,,1.0199999999999996,3.9699999999999998,,0.18166666666666673,0.1163030303030304,0.14571428571428566,0.13233333333333333,0.04616279069767441,1.0742465059545485,4.73,8.09,10,-49.119496855345915,100.0,0,0,0,,2,0,1.0,9,0,1,27.0,False,False,False,0,2,0
3f6ecab4-55e1-43fe-9405-3b2f2514185c,goat,Test Goat Breed,female,2025-12-23,7,9.1,8.5,8.5,0,7.0,4.73,,1.5,3.7699999999999996,,0.21833333333333266,0.12202020202020213,0.21428571428571427,0.12566666666666665,0.04921348314606742,1.128074071642067,4.92,8.5,10,-48.01223241590215,100.0,0,0,0,,2,0,1.0,12,0,1,30.0,False,False,False,0,2,0
3f6ecab4-55e1-43fe-9405-3b2f2514185c,goat,Test Goat Breed,female,2025-12-23,14,9.69,8.5,8.5,0,7.0,4.73,,1.5,3.7699999999999996,,0.21833333333333266,0.12202020202020213,0.21428571428571427,0.12566666666666665,0.04921348314606742,1.128074071642067,4.92,8.5,10,-48.01223241590215,100.0,0,0,0,,2,0,1.0,12,0,1,30.0,False,False,False,0,2,0
3f6ecab4-55e1-43fe-9405-3b2f2514185c,goat,Test Goat Breed,female,2025-12-26,7,9.14,8.45,8.45,0,7.19,4.92,,1.259999999999999,3.5299999999999994,,0.05999999999999936,0.11581818181818182,0.17999999999999985,0.11766666666666664,0.047065217391304336,1.0733773282908898,5.6,8.5,10,-49.70238095238095,100.0,0,0,0,,2,0,1.0,15,0,1,33.0,False,False,False,0,2,0
3f6ecab4-55e1-43fe-9405-3b2f2514185c,goat,Test Goat Breed,female,2025-12-26,14,10.04,8.45,8.45,0,7.19,4.92,,1.259999999999999,3.5299999999999994,,0.05999999999999936,0.11581818181818182,0.17999999999999985,0.11766666666666664,0.047065217391304336,1.0733773282908898,5.6,8.5,10,-49.70238095238095,100.0,0,0,0,,2,0,1.0,15,0,1,33.0,False,False,False,0,2,0
3f6ecab4-55e1-43fe-9405-3b2f2514185c,goat,Test Goat Breed,female,2025-12-29,7,9.69,9.1,9.1,0,8.09,5.6,,1.0099999999999998,3.5,,0.09999999999999928,0.12228282828282831,0.14428571428571427,0.11666666666666667,0.052421052631578945,1.129859873317631,5.79,9.1,10,-47.2463768115942,100.0,0,0,0,,2,0,1.0,18,0,2,0.0,False,False,False,0,1,0
3f6ecab4-55e1-43fe-9405-3b2f2514185c,goat,Test Goat Breed,female,2025-12-29,14,10.55,9.1,9.1,0,8.09,5.6,,1.0099999999999998,3.5,,0.09999999999999928,0.12228282828282831,0.14428571428571427,0.11666666666666667,0.052421052631578945,1.129859873317631,5.79,9.1,10,-47.2463768115942,100.0,0,0,0,,2,0,1.0,18,0,2,0.0,False,False,False,0,1,0
3f6ecab4-55e1-43fe-9405-3b2f2514185c,goat,Test Goat Breed,female,2026-01-01,7,10.04,9.14,9.14,0,8.5,5.79,,0.6400000000000006,3.3500000000000005,,0.11500000000000016,0.11955555555555561,0.09142857142857151,0.11166666666666668,0.05122448979591837,1.1073993558483468,5.93,9.14,10,-48.36158192090395,100.0,0,0,0,,3,0,1.0,0,0,2,3.0,False,False,False,0,2,0
3f6ecab4-55e1-43fe-9405-3b2f2514185c,goat,Test Goat Breed,female,2026-01-01,14,10.2,9.14,9.14,0,8.5,5.79,,0.6400000000000006,3.3500000000000005,,0.11500000000000016,0.11955555555555561,0.09142857142857151,0.11166666666666668,0.05122448979591837,1.1073993558483468,5.93,9.14,10,-48.36158192090395,100.0,0,0,0,,3,0,1.0,0,0,2,3.0,False,False,False,0,2,0
3f6ecab4-55e1-43fe-9405-3b2f2514185c,goat,Test Goat Breed,female,2026-01-04,7,10.55,9.69,9.69,0,8.45,5.93,,1.2400000000000002,3.76,,0.09833333333333341,0.11640404040404048,0.17714285714285719,0.12533333333333332,0.05514851485148514,1.0775713433457663,6.53,9.69,10,-46.611570247933884,100.0,0,0,0,,3,0,1.0,3,0,2,6.0,False,False,False,0,2,0
3f6ecab4-55e1-43fe-9405-3b2f2514185c,goat,Test Goat Breed,female,2026-01-04,14,10.64,9.69,9.69,0,8.45,5.93,,1.2400000000000002,3.76,,0.09833333333333341,0.11640404040404048,0.17714285714285719,0.12533333333333332,0.05514851485148514,1.0775713433457663,6.53,9.69,10,-46.611570247933884,100.0,0,0,0,,3,0,1.0,3,0,2,6.0,False,False,False,0,2,0
3f6ecab4-55e1-43fe-9405-3b2f2514185c,goat,Test Goat Breed,female,2026-01-07,7,10.2,10.04,10.04,0,9.1,6.53,,0.9399999999999995,3.509999999999999,,0.14999999999999938,0.11775757575757588,0.1342857142857142,0.11699999999999997,0.056923076923076917,1.0896283770166777,7.0,10.04,10,-46.021505376344095,100.0,0,0,0,,3,0,1.0,6,0,2,9.0,False,False,False,0,2,0
3f6ecab4-55e1-43fe-9405-3b2f2514185c,goat,Test Goat Breed,female,2026-01-10,7,10.64,10.55,10.55,0,9.14,7.07,,1.4100000000000001,3.4800000000000004,,0.14333333333333362,0.1262020202020203,0.20142857142857146,0.11600000000000002,0.06009345794392524,1.1614287178585978,7.0,10.55,10,-44.61942257217847,100.0,0,0,0,,3,0,1.0,9,0,2,12.0,False,False,False,0,2,0
10bec57c-b534-42e1-be6d-b9d71fd75ea1,cattle,Test Cattle Breed,male,2025-12-05,7,69.08,60.95,60.95,0,47.44,,,13.510000000000005,,,0.9699999999999983,1.407238095238095,1.9300000000000008,,0.21560439560439565,8.007833664606178,41.33,60.95,6,-51.62698412698412,100.0,0,0,0,,1,0,1.0,8,0,0,,False,False,False,0,1,0
10bec57c-b534-42e1-be6d-b9d71fd75ea1,cattle,Test Cattle Breed,male,2025-12-05,14,79.11,60.95,60.95,0,47.44,,,13.510000000000005,,,0.9699999999999983,1.407238095238095,1.9300000000000008,,0.21560439560439565,8.007833664606178,41.33,60.95,6,-51.62698412698412,100.0,0,0,0,,1,0,1.0,8,0,0,,False,False,False,0,1,0
10bec57c-b534-42e1-be6d-b9d71fd75ea1,cattle,Test Cattle Breed,male,2025-12-05,30,100.1,60.95,60.95,0,47.44,,,13.510000000000005,,,0.9699999999999983,1.407238095238095,1.9300000000000008,,0.21560439560439565,8.007833664606178,41.33,60.95,6,-51.62698412698412,100.0,0,0,0,,1,0,1.0,8,0,0,,False,False,False,0,1,0
10bec57c-b534-42e1-be6d-b9d71fd75ea1,cattle,Test Cattle Breed,male,2025-12-08,7,73.51,66.78,66.78,0,55.13,,,11.649999999999999,,,1.550000000000001,1.4441666666666664,1.6642857142857141,,0.27074468085106385,9.441707876176197,41.33,66.78,7,-48.23255813953488,100.0,0,0,0,,1,0,1.0,11,0,0,,False,False,False,0,1,0
10bec57c-b534-42e1-be6d-b9d71fd75ea1,cattle,Test Cattle Breed,male,2025-12-08,14,82.41,66.78,66.78,0,55.13,,,11.649999999999999,,,1.550000000000001,1.4441666666666664,1.6642857142857141,,0.27074468085106385,9.441707876176197,41.33,66.78,7,-48.23255813953488,100.0,0,0,0,,1,0,1.0,11,0,0,,False,False,False,0,1,0
10bec57c-b534-42e1-be6d-b9d71fd75ea1,cattle,Test Cattle Breed,male,2025-12-08,30,103.75,66.78,66.78,0,55.13,,,11.649999999999999,,,1.550000000000001,1.4441666666666664,1.6642857142857141,,0.27074468085106385,9.441707876176197,41.33,66.78,7,-48.23255813953488,100.0,0,0,0,,1,0,1.0,11,0,0,,False,False,False,0,1,0
10bec57c-b534-42e1-be6d-b9d71fd75ea1,cattle,Test Cattle Breed,male,2025-12-11,7,79.11,69.08,69.08,0,57.48,,,11.600000000000001,,,1.3549999999999953,1.4030952380952377,1.6571428571428573,,0.2860824742268041,10.383602457721501,41.33,69.08,8,-47.66666666666667,100.0,0,0,0,,2,0,1.0,0,0,0,,False,False,False,0,2,0
10bec57c-b534-42e1-be6d-b9d71fd75ea1,cattle,Test Cattle Breed,male,2025-12-11,14,87.44,69.08,69.08,0,57.48,,,11.600000000000001,,,1.3549999999999953,1.4030952380952377,1.6571428571428573,,0.2860824742268041,10.383602457721501,41.33,69.08,8,-47.66666666666667,100.0,0,0,0,,2,0,1.0,0,0,0,,False,False,False,0,2,0
10bec57c-b534-42e1-be6d-b9d71fd75ea1,cattle,Test Cattle Breed,male,2025-12-11,30,102.49,69.08,69.08,0,57.48,,,11.600000000000001,,,1.3549999999999953,1.4030952380952377,1.6571428571428573,,0.2860824742268041,10.383602457721501,41.33,69.08,8,-47.66666666666667,100.0,0,0,0,,2,0,1.0,0,0,0,,False,False,False,0,2,0
10bec57c-b534-42e1-be6d-b9d71fd75ea1,cattle,Test Cattle Breed,male,2025-12-14,7,82.41,73.51,73.51,0,60.95,,,12.560000000000002,,,1.1216666666666608,1.3888333333333327,1.7942857142857147,,0.3218000000000001,11.469603306130514,41.33,73.51,9,-45.548148148148144,100.0,0,0,0,,2,0,1.0,3,0,0,,False,False,False,0,2,0
10bec57c-b534-42e1-be6d-b9d71fd75ea1,cattle,Test Cattle Breed,male,2025-12-14,14,91.17,73.51,73.51,0,60.95,,,12.560000000000002,,,1.1216666666666608,1.3888333333333327,1.7942857142857147,,0.3218000000000001,11.469603306130514,41.33,73.51,9,-45.548148148148144,100.0,0,0,0,,2,0,1.0,3,0,0,,False,False,False,0,2,0
10bec57c-b534-42e1-be6d-b9d71fd75ea1,cattle,Test Cattle Breed,male,2025-12-14,30,111.96,73.51,73.51,0,60.95,,,12.560000000000002,,,1.1216666666666608,1.3888333333333327,1.7942857142857147,,0.3218000000000001,11.469603306130514,41.33,73.51,9,-45.548148148148144,100.0,0,0,0,,2,0,1.0,3,0,0,,False,False,False,0,2,0
10bec57c-b534-42e1-be6d-b9d71fd75ea1,cattle,Test Cattle Breed,male,2025-12-17,7,87.44,79.11,79.11,0,66.78,,,12.329999999999998,,,1.6716666666666655,1.4076363636363636,1.7614285714285711,,0.3667961165048544,12.83549938430307,41.33,79.11,10,-42.673913043478265,100.0,0,0,0,,2,0,1.0,6,0,0,,False,False,False,0,2,0
10bec57c-b534-42e1-be6d-b9d71fd75ea1,cattle,Test Cattle Breed,male,2025-12-17,14,95.28,79.11,79.11,0,66.78,,,12.329999999999998,,,1.6716666666666655,1.4076363636363636,1.7614285714285711,,0.3667961165048544,12.83549938430307,41.33,79.11,10,-42.673913043478265,100.0,0,0,0,,2,0,1.0,6,0,0,,False,False,False,0,2,0
10bec57c-b534-42e1-be6d-b9d71fd75ea1,cattle,Test Cattle Breed,male,2025-12-17,30,115.3,79.11,79.11,0,66.78,,,12.329999999999998,,,1.6716666666666655,1.4076363636363636,1.7614285714285711,,0.3667961165048544,12.83549938430307,41.33,79.11,10,-42.673913043478265,100.0,0,0,0,,2,0,1.0,6,0,0,,False,False,False,0,2,0
10bec57c-b534-42e1-be6d-b9d71fd75ea1,cattle,Test Cattle Breed,male,2025-12-20,7,91.17,82.41,82.41,0,69.08,41.33,,13.329999999999998,41.08,,1.4833333333333245,1.4232323232323234,1.9042857142857141,1.3693333333333333,0.38754716981132076,12.972038989902687,43.49,82.41,10,-41.55319148936171,100.0,0,0,0,,2,0,1.0,9,0,0,,False,False,False,0,2,0
10bec57c-b534-42e1-be6d-b9d71fd75ea1,cattle,Test Cattle Breed,male,2025-12-20,14,100.1,82.41,82.41,0,69.08,41.33,,13.329999999999998,41.08,,1.4833333333333245,1.4232323232323234,1.9042857142857141,1.3693333333333333,0.38754716981132076,12.972038989902687,43.49,82.41,10,-41.55319148936171,100.0,0,0,0,,2,0,1.0,9,0,0,,False,False,False,0,2,0
10bec57c-b534-42e1-be6d-b9d71fd75ea1,cattle,Test Cattle Breed,male,2025-12-20,30,116.28,82.41,82.41,0,69.08,41.33,,13.329999999999998,41.08,,1.4833333333333245,1.4232323232323234,1.9042857142857141,1.3693333333333333,0.38754716981132076,12.972038989902687,43.49,82.41,10,-41.55319148936171,100.0,0,0,0,,2,0,1.0,9,0,0,,False,False,False,0,2,0
10bec57c-b534-42e1-be6d-b9d71fd75ea1,cattle,Test Cattle Breed,male,2025-12-23,7,95.28,87.44,87.44,0,73.51,43.49,,13.929999999999993,43.949999999999996,,1.3883333333333299,1.4123030303030297,1.9899999999999989,1.4649999999999999,0.42302752293577983,12.86980622318076,47.44,87.44,10,-39.27777777777778,100.0,0,0,0,,2,0,1.0,12,0,0,,False,False,False,0,2,0
10bec57c-b534-42e1-be6d-b9d71fd75ea1,cattle,Test Cattle Breed,male,2025-12-23,14,103.75,87.44,87.44,0,73.51,43.49,,13.929999999999993,43.949999999999996,,1.3883333333333299,1.4123030303030297,1.9899999999999989,1.4649999999999999,0.42302752293577983,12.86980622318076,47.44,87.44,10,-39.27777777777778,100.0,0,0,0,,2,0,1.0,12,0,0,,False,False,False,0,2,0
10bec57c-b534-42e1-be6d-b9d71fd75ea1,cattle,Test Cattle Breed,male,2025-12-26,7,100.1,91.17,91.17,0,79.11,47.44,,12.060000000000002,43.730000000000004,,1.4599999999999942,1.3793939393939398,1.722857142857143,1.4576666666666669,0.445,12.558534238605324,55.13,91.17,10,-37.97959183673469,100.0,0,0,0,,2,0,1.0,15,0,1,0.0,False,False,False,0,2,0
10bec57c-b534-42e1-be6d-b9d71fd75ea1,cattle,Test Cattle Breed,male,2025-12-26,14,102.49,91.17,91.17,0,79.11,47.44,,12.060000000000002,43.730000000000004,,1.4599999999999942,1.3793939393939398,1.722857142857143,1.4576666666666669,0.445,12.558534238605324,55.13,91.17,10,-37.97959183673469,100.0,0,0,0,,2,0,1.0,15,0,1,0.0,False,False,False,0,2,0
10bec57c-b534-42e1-be6d-b9d71fd75ea1,cattle,Test Cattle Breed,male,2025-12-29,7,103.75,95.28,95.28,0,82.41,55.13,,12.870000000000005,40.15,,1.3066666666666644,1.415414141414142,1.8385714285714292,1.3383333333333334,0.46913043478260874,12.87132251687189,57.48,95.28,10,-36.480000000000004,100.0,0,0,0,,2,0,1.0,18,0,1,3.0,False,False,False,0,1,0
10bec57c-b534-42e1-be6d-b9d71fd75ea1,cattle,Test Cattle Breed,male,2025-12-29,14,111.96,95.28,95.28,0,82.41,55.13,,12.870000000000005,40.15,,1.3066666666666644,1.415414141414142,1.8385714285714292,1.3383333333333334,0.46913043478260874,12.87132251687189,57.48,95.28,10,-36.480000000000004,100.0,0,0,0,,2,0,1.0,18,0,1,3.0,False,False,False,0,1,0
10bec57c-b534-42e1-be6d-b9d71fd75ea1,cattle,Test Cattle Breed,male,2026-01-01,7,102.49,100.1,100.1,0,87.44,57.48,,12.659999999999997,42.62,,1.4883333333333282,1.4290707070707076,1.808571428571428,1.4206666666666665,0.49805084745762707,12.995082873490604,60.95,100.1,10,-34.575163398692816,100.0,0,0,0,,3,0,1.0,0,0,1,6.0,False,False,False,0,2,0
10bec57c-b534-42e1-be6d-b9d71fd75ea1,cattle,Test Cattle Breed,male,2026-01-01,14,115.3,100.1,100.1,0,87.44,57.48,,12.659999999999997,42.62,,1.4883333333333282,1.4290707070707076,1.808571428571428,1.4206666666666665,0.49805084745762707,12.995082873490604,60.95,100.1,10,-34.575163398692816,100.0,0,0,0,,3,0,1.0,0,0,1,6.0,False,False,False,0,2,0
10bec57c-b534-42e1-be6d-b9d71fd75ea1,cattle,Test Cattle Breed,male,2026-01-04,7,111.96,103.75,103.75,0,91.17,60.95,,12.579999999999998,42.8,,1.4116666666666622,1.4140000000000017,1.797142857142857,1.4266666666666665,0.5158677685950414,12.857858859251973,66.78,103.75,10,-33.493589743589745,100.0,0,0,0,,3,0,1.0,3,0,1,9.0,False,False,False,0,2,0
10bec57c-b534-42e1-be6d-b9d71fd75ea1,cattle,Test Cattle Breed,male,2026-01-04,14,116.28,103.75,103.75,0,91.17,60.95,,12.579999999999998,42.8,,1.4116666666666622,1.4140000000000017,1.797142857142857,1.4266666666666665,0.5158677685950414,12.857858859251973,66.78,103.75,10,-33.493589743589745,100.0,0,0,0,,3,0,1.0,3,0,1,9.0,False,False,False,0,2,0
10bec57c-b534-42e1-be6d-b9d71fd75ea1,cattle,Test Cattle Breed,male,2026-01-07,7,115.3,102.49,102.49,0,95.28,66.78,,7.209999999999994,35.709999999999994,,0.3983333333333347,1.3326464646464657,1.0299999999999991,1.190333333333333,0.4932258064516129,12.220732111184391,69.08,103.75,10,-35.540880503144656,100.0,0,0,0,,3,0,1.0,6,0,1,12.0,False,False,False,0,2,0
10bec57c-b534-42e1-be6d-b9d71fd75ea1,cattle,Test Cattle Breed,male,2026-01-10,7,116.28,111.96,111.96,0,100.1,69.08,,11.86,42.879999999999995,,1.3683333333333298,1.3303030303030303,1.6942857142857142,1.4293333333333331,0.5561417322834645,12.198098941137415,73.51,111.96,10,-30.888888888888893,100.0,0,0,0,,3,0,1.0,9,0,1,15.0,False,False,False,0,2,0
06f8a40c-e889-48fb-9a3b-9d2833ce4ad8,cattle,Test Cattle Breed,female,2025-12-05,7,76.52,67.44,67.44,0,55.77,,,11.669999999999995,,,0.7059999999999974,1.2368000000000012,1.6671428571428564,,0.2671641791044776,8.065508870079638,49.54,67.44,4,-33.88235294117648,100.0,0,0,0,,1,0,1.0,8,0,1,9.0,False,False,False,0,1,0
06f8a40c-e889-48fb-9a3b-9d2833ce4ad8,cattle,Test Cattle Breed,female,2025-12-05,14,83.21,67.44,67.44,0,55.77,,,11.669999999999995,,,0.7059999999999974,1.2368000000000012,1.6671428571428564,,0.2671641791044776,8.065508870079638,49.54,67.44,4,-33.88235294117648,100.0,0,0,0,,1,0,1.0,8,0,1,9.0,False,False,False,0,1,0
06f8a40c-e889-48fb-9a3b-9d2833ce4ad8,cattle,Test Cattle Breed,female,2025-12-05,30,105.98,67.44,67.44,0,55.77,,,11.669999999999995,,,0.7059999999999974,1.2368000000000012,1.6671428571428564,,0.2671641791044776,8.065508870079638,49.54,67.44,4,-33.88235294117648,100.0,0,0,0,,1,0,1.0,8,0,1,9.0,False,False,False,0,1,0
06f8a40c-e889-48fb-9a3b-9d2833ce4ad8,cattle,Test Cattle Breed,female,2025-12-10,7,78.22,76.52,76.52,0,63.91,,,12.61,,,1.8159999999999954,1.3125999999999975,1.8014285714285714,,0.3747222222222222,10.441672758710645,49.54,76.52,5,-28.48598130841122,100.0,0,0,0,,1,0,1.0,13,0,1,14.0,False,False,False,0,1,0
06f8a40c-e889-48fb-9a3b-9d2833ce4ad8,cattle,Test Cattle Breed,female,2025-12-10,14,94.99,76.52,76.52,0,63.91,,,12.61,,,1.8159999999999954,1.3125999999999975,1.8014285714285714,,0.3747222222222222,10.441672758710645,49.54,76.52,5,-28.48598130841122,100.0,0,0,0,,1,0,1.0,13,0,1,14.0,False,False,False,0,1,0
06f8a40c-e889-48fb-9a3b-9d2833ce4ad8,cattle,Test Cattle Breed,female,2025-12-10,30,106.53,76.52,76.52,0,63.91,,,12.61,,,1.8159999999999954,1.3125999999999975,1.8014285714285714,,0.3747222222222222,10.441672758710645,49.54,76.52,5,-28.48598130841122,100.0,0,0,0,,1,0,1.0,13,0,1,14.0,False,False,False,0,1,0
06f8a40c-e889-48fb-9a3b-9d2833ce4ad8,cattle,Test Cattle Breed,female,2025-12-15,7,83.21,78.22,78.22,0,67.44,,,10.780000000000001,,,0.33999999999999914,1.1953142857142853,1.5400000000000003,,0.37246753246753245,11.300427720518663,49.54,78.22,6,-30.160714285714285,100.0,0,0,0,,2,0,1.0,4,0,1,19.0,False,False,False,0,2,0
06f8a40c-e889-48fb-9a3b-9d2833ce4ad8,cattle,Test Cattle Breed,female,2025-12-15,14,102.81,78.22,78.22,0,67.44,,,10.780000000000001,,,0.33999999999999914,1.1953142857142853,1.5400000000000003,,0.37246753246753245,11.300427720518663,49.54,78.22,6,-30.160714285714285,100.0,0,0,0,,2,0,1.0,4,0,1,19.0,False,False,False,0,2,0
06f8a40c-e889-48fb-9a3b-9d2833ce4ad8,cattle,Test Cattle Breed,female,2025-12-15,30,112.3,78.22,78.22,0,67.44,,,10.780000000000001,,,0.33999999999999914,1.1953142857142853,1.5400000000000003,,0.37246753246753245,11.300427720518663,49.54,78.22,6,-30.160714285714285,100.0,0,0,0,,2,0,1.0,4,0,1,19.0,False,False,False,0,2,0
06f8a40c-e889-48fb-9a3b-9d2833ce4ad8,cattle,Test Cattle Breed,female,2025-12-20,7,94.99,83.21,83.21,0,76.52,49.54,,6.689999999999998,33.669999999999995,,0.9979999999999947,1.081199999999999,0.9557142857142854,1.1223333333333332,0.4106097560975609,10.26092929514671,55.77,83.21,6,-28.880341880341888,100.0,0,0,0,,2,0,1.0,9,0,1,24.0,False,False,False,0,2,0
06f8a40c-e889-48fb-9a3b-9d2833ce4ad8,cattle,Test Cattle Breed,female,2025-12-20,14,105.98,83.21,83.21,0,76.52,49.54,,6.689999999999998,33.669999999999995,,0.9979999999999947,1.081199999999999,0.9557142857142854,1.1223333333333332,0.4106097560975609,10.26092929514671,55.77,83.21,6,-28.880341880341888,100.0,0,0,0,,2,0,1.0,9,0,1,24.0,False,False,False,0,2,0
06f8a40c-e889-48fb-9a3b-9d2833ce4ad8,cattle,Test Cattle Breed,female,2025-12-25,7,102.81,94.99,94.99,0,78.22,55.77,,16.769999999999996,39.21999999999999,,2.355999999999999,1.1680571428571433,2.395714285714285,1.307333333333333,0.5224137931034483,11.187409738928249,63.91,94.99,6,-22.139344262295086,100.0,0,0,0,,2,0,1.0,14,0,1,29.0,False,False,False,0,2,0
06f8a40c-e889-48fb-9a3b-9d2833ce4ad8,cattle,Test Cattle Breed,female,2025-12-25,14,106.53,94.99,94.99,0,78.22,55.77,,16.769999999999996,39.21999999999999,,2.355999999999999,1.1680571428571433,2.395714285714285,1.307333333333333,0.5224137931034483,11.187409738928249,63.91,94.99,6,-22.139344262295086,100.0,0,0,0,,2,0,1.0,14,0,1,29.0,False,False,False,0,2,0
06f8a40c-e889-48fb-9a3b-9d2833ce4ad8,cattle,Test Cattle Breed,female,2025-12-30,7,105.98,102.81,102.81,0,83.21,63.91,,19.60000000000001,38.900000000000006,,1.5640000000000014,1.3557142857142848,2.800000000000001,1.2966666666666669,0.5790217391304349,12.951473661325187,67.44,102.81,6,-19.047244094488185,100.0,0,0,0,,2,0,1.0,19,0,1,34.0,False,False,False,0,1,0
06f8a40c-e889-48fb-9a3b-9d2833ce4ad8,cattle,Test Cattle Breed,female,2025-12-30,14,112.3,102.81,102.81,0,83.21,63.91,,19.60000000000001,38.900000000000006,,1.5640000000000014,1.3557142857142848,2.800000000000001,1.2966666666666669,0.5790217391304349,12.951473661325187,67.44,102.81,6,-19.047244094488185,100.0,0,0,0,,2,0,1.0,19,0,1,34.0,False,False,False,0,1,0
06f8a40c-e889-48fb-9a3b-9d2833ce4ad8,cattle,Test Cattle Breed,female,2026-01-04,7,106.53,105.98,105.98,0,94.99,67.44,,10.990000000000009,38.540000000000006,,0.6339999999999947,1.33057142857143,1.5700000000000014,1.2846666666666668,0.5818556701030928,12.731383925821527,76.52,105.98,6,-19.712121212121207,100.0,0,0,0,,3,0,1.0,3,0,1,39.0,False,False,False,0,2,0
06f8a40c-e889-48fb-9a3b-9d2833ce4ad8,cattle,Test Cattle Breed,female,2026-01-09,7,112.3,106.53,106.53,0,102.81,76.52,,3.719999999999999,30.010000000000005,,0.10999999999999943,1.2438857142857143,0.5314285714285713,1.0003333333333335,0.5587254901960784,12.120770602564841,78.22,106.53,6,-22.240875912408757,100.0,0,0,0,,3,0,1.0,8,0,1,44.0,False,False,False,0,2,0
fec4107c-ee37-442d-9fcc-d45a1897cf6b,cattle,Test Cattle Breed,female,2025-12-05,7,57.7,51.07,51.07,0,43.77,,,7.299999999999997,,,0.5459999999999965,0.7579999999999983,1.0428571428571425,,0.3583870967741935,4.914268341608273,39.96,51.07,4,-22.62121212121212,100.0,0,0,0,,1,0,1.0,8,0,0,,False,False,False,0,1,0
fec4107c-ee37-442d-9fcc-d45a1897cf6b,cattle,Test Cattle Breed,female,2025-12-05,14,63.15,51.07,51.07,0,43.77,,,7.299999999999997,,,0.5459999999999965,0.7579999999999983,1.0428571428571425,,0.3583870967741935,4.914268341608273,39.96,51.07,4,-22.62121212121212,100.0,0,0,0,,1,0,1.0,8,0,0,,False,False,False,0,1,0
fec4107c-ee37-442d-9fcc-d45a1897cf6b,cattle,Test Cattle Breed,female,2025-12-05,30,78.29,51.07,51.07,0,43.77,,,7.299999999999997,,,0.5459999999999965,0.7579999999999983,1.0428571428571425,,0.3583870967741935,4.914268341608273,39.96,51.07,4,-22.62121212121212,100.0,0,0,0,,1,0,1.0,8,0,0,,False,False,False,0,1,0
fec4107c-ee37-442d-9fcc-d45a1897cf6b,cattle,Test Cattle Breed,female,2025-12-10,7,59.6,57.7,57.7,0,48.34,,,9.36,,,1.3260000000000005,0.8555999999999981,1.337142857142857,,0.4927777777777778,6.8195285760820745,39.96,57.7,5,-18.73239436619718,100.0,0,0,0,,1,0,1.0,13,0,0,,False,False,False,0,1,0
fec4107c-ee37-442d-9fcc-d45a1897cf6b,cattle,Test Cattle Breed,female,2025-12-10,14,68.79,57.7,57.7,0,48.34,,,9.36,,,1.3260000000000005,0.8555999999999981,1.337142857142857,,0.4927777777777778,6.8195285760820745,39.96,57.7,5,-18.73239436619718,100.0,0,0,0,,1,0,1.0,13,0,0,,False,False,False,0,1,0
fec4107c-ee37-442d-9fcc-d45a1897cf6b,cattle,Test Cattle Breed,female,2025-12-10,30,78.44,57.7,57.7,0,48.34,,,9.36,,,1.3260000000000005,0.8555999999999981,1.337142857142857,,0.4927777777777778,6.8195285760820745,39.96,57.7,5,-18.73239436619718,100.0,0,0,0,,1,0,1.0,13,0,0,,False,False,False,0,1,0
fec4107c-ee37-442d-9fcc-d45a1897cf6b,cattle,Test Cattle Breed,female,2025-12-15,7,63.15,59.6,59.6,0,51.07,,,8.530000000000001,,,0.3799999999999983,0.8155428571428567,1.2185714285714286,,0.4790243902439025,7.680269960533072,39.96,59.6,6,-21.57894736842105,100.0,0,0,0,,2,0,1.0,4,0,0,,False,False,False,0,2,0
fec4107c-ee37-442d-9fcc-d45a1897cf6b,cattle,Test Cattle Breed,female,2025-12-15,14,75.76,59.6,59.6,0,51.07,,,8.530000000000001,,,0.3799999999999983,0.8155428571428567,1.2185714285714286,,0.4790243902439025,7.680269960533072,39.96,59.6,6,-21.57894736842105,100.0,0,0,0,,2,0,1.0,4,0,0,,False,False,False,0,2,0
fec4107c-ee37-442d-9fcc-d45a1897cf6b,cattle,Test Cattle Breed,female,2025-12-15,30,84.54,59.6,59.6,0,51.07,,,8.530000000000001,,,0.3799999999999983,0.8155428571428567,1.2185714285714286,,0.4790243902439025,7.680269960533072,39.96,59.6,6,-21.57894736842105,100.0,0,0,0,,2,0,1.0,4,0,0,,False,False,False,0,2,0
fec4107c-ee37-442d-9fcc-d45a1897cf6b,cattle,Test Cattle Breed,female,2025-12-20,7,68.79,63.15,63.15,0,57.7,39.96,,5.449999999999996,23.189999999999998,,0.709999999999998,0.7846285714285711,0.7785714285714279,0.7729999999999999,0.5041304347826087,7.40301402583209,43.77,63.15,6,-22.037037037037038,100.0,0,0,0,,2,0,1.0,9,0,1,4.0,False,False,False,0,2,0
fec4107c-ee37-442d-9fcc-d45a1897cf6b,cattle,Test Cattle Breed,female,2025-12-20,14,78.29,63.15,63.15,0,57.7,39.96,,5.449999999999996,23.189999999999998,,0.709999999999998,0.7846285714285711,0.7785714285714279,0.7729999999999999,0.5041304347826087,7.40301402583209,43.77,63.15,6,-22.037037037037038,100.0,0,0,0,,2,0,1.0,9,0,1,4.0,False,False,False,0,2,0
fec4107c-ee37-442d-9fcc-d45a1897cf6b,cattle,Test Cattle Breed,female,2025-12-25,7,75.76,68.79,68.79,0,59.6,43.77,,9.190000000000005,25.020000000000003,,1.127999999999996,0.8022285714285716,1.3128571428571436,0.8340000000000001,0.565294117647059,7.574518906614906,48.34,68.79,6,-20.011627906976738,100.0,0,0,0,,2,0,1.0,14,0,1,9.0,False,False,False,0,2,0
fec4107c-ee37-442d-9fcc-d45a1897cf6b,cattle,Test Cattle Breed,female,2025-12-25,14,78.44,68.79,68.79,0,59.6,43.77,,9.190000000000005,25.020000000000003,,1.127999999999996,0.8022285714285716,1.3128571428571436,0.8340000000000001,0.565294117647059,7.574518906614906,48.34,68.79,6,-20.011627906976738,100.0,0,0,0,,2,0,1.0,14,0,1,9.0,False,False,False,0,2,0
fec4107c-ee37-442d-9fcc-d45a1897cf6b,cattle,Test Cattle Breed,female,2025-12-30,7,78.29,75.76,75.76,0,63.15,48.34,,12.610000000000007,27.42,,1.3939999999999984,0.9158285714285711,1.8014285714285723,0.914,0.6392857142857143,8.691585394314819,51.07,75.76,6,-16.74725274725274,100.0,0,0,0,,2,0,1.0,19,0,1,14.0,False,False,False,0,1,0
fec4107c-ee37-442d-9fcc-d45a1897cf6b,cattle,Test Cattle Breed,female,2025-12-30,14,84.54,75.76,75.76,0,63.15,48.34,,12.610000000000007,27.42,,1.3939999999999984,0.9158285714285711,1.8014285714285723,0.914,0.6392857142857143,8.691585394314819,51.07,75.76,6,-16.74725274725274,100.0,0,0,0,,2,0,1.0,19,0,1,14.0,False,False,False,0,1,0
fec4107c-ee37-442d-9fcc-d45a1897cf6b,cattle,Test Cattle Breed,female,2026-01-04,7,78.44,78.29,78.29,0,68.79,51.07,,9.5,27.220000000000006,,0.5059999999999988,0.8975428571428566,1.3571428571428572,0.9073333333333335,0.628360655737705,8.522921447485013,57.7,78.29,6,-18.44791666666666,100.0,0,0,0,,3,0,1.0,3,0,1,19.0,False,False,False,0,2,0
fec4107c-ee37-442d-9fcc-d45a1897cf6b,cattle,Test Cattle Breed,female,2026-01-09,7,84.54,78.44,78.44,0,75.76,57.7,,2.6799999999999926,20.739999999999995,,0.029999999999995454,0.8376571428571432,0.3828571428571418,0.6913333333333331,0.583030303030303,8.086718535145556,59.6,78.44,6,-22.33663366336634,100.0,0,0,0,,3,0,1.0,8,0,2,2.0,False,False,False,0,2,0
